[{
  "history_id" : "rvx0ghn6k5l",
  "history_input" : "#!/bin/bash\n\n#install require libaries\nimport pandas as pd",
  "history_output" : "/Users/jyoshmithareddypaturi/gw-workspace/rvx0ghn6k5l/gw-YsOYtCkvBf6xo4h7GeSduOttSE-rvx0ghn6k5l.sh: line 4: import: command not found\n",
  "history_begin_time" : 1739427567751,
  "history_end_time" : 1739427569856,
  "history_notes" : null,
  "history_process" : "wkkj41",
  "host_id" : "100001",
  "indicator" : "Failed"
},{
  "history_id" : "h4wea5alncu",
  "history_input" : null,
  "history_output" : null,
  "history_begin_time" : null,
  "history_end_time" : 1739427569848,
  "history_notes" : null,
  "history_process" : "zmh4at",
  "host_id" : "100001",
  "indicator" : "Stopped"
},{
  "history_id" : "az2qyr2a096",
  "history_input" : null,
  "history_output" : null,
  "history_begin_time" : null,
  "history_end_time" : 1739427569846,
  "history_notes" : null,
  "history_process" : "ul6ag3",
  "host_id" : "100001",
  "indicator" : "Stopped"
},{
  "history_id" : "og76ftbozh7",
  "history_input" : null,
  "history_output" : null,
  "history_begin_time" : null,
  "history_end_time" : 1739427569851,
  "history_notes" : null,
  "history_process" : "1l32v2",
  "host_id" : "100001",
  "indicator" : "Stopped"
},{
  "history_id" : "m15zn14z92c",
  "history_input" : null,
  "history_output" : null,
  "history_begin_time" : null,
  "history_end_time" : 1739427569853,
  "history_notes" : null,
  "history_process" : "3onu0b",
  "host_id" : "100001",
  "indicator" : "Stopped"
},{
  "history_id" : "itt0a0lmdpq",
  "history_input" : null,
  "history_output" : null,
  "history_begin_time" : null,
  "history_end_time" : 1739427569854,
  "history_notes" : null,
  "history_process" : "162xiz",
  "host_id" : "100001",
  "indicator" : "Stopped"
}]