[{
  "history_id" : "7xgvvhckljz",
  "history_input" : "#!/bin/bash\n\ninstall require libaries\npip install pandas\npip install xlrd\n\n#pip install selenium\n#pip install selenium webdriver-manager\n\n\n#wget https://dl.google.com/linux/direct/google-chrome-stable_current_amd64.deb -O ~/google-chrome-stable_current_amd64.deb\n\n#ls -lh ~/\n\n#mkdir -p ~/chrome_install\n#dpkg-deb -x ~/google-chrome-stable_current_amd64.deb ~/chrome_install\n\n#find ~/chrome_install -name \"google-chrome\"\n\n\n\n\n\n\n",
  "history_output" : "install: cannot stat 'require': No such file or directory\nRequirement already satisfied: pandas in /home/geo2021/anaconda3/lib/python3.12/site-packages (2.2.3)\nRequirement already satisfied: numpy>=1.26.0 in /home/geo2021/anaconda3/lib/python3.12/site-packages (from pandas) (1.26.4)\nRequirement already satisfied: python-dateutil>=2.8.2 in /home/geo2021/anaconda3/lib/python3.12/site-packages (from pandas) (2.9.0.post0)\nRequirement already satisfied: pytz>=2020.1 in /home/geo2021/anaconda3/lib/python3.12/site-packages (from pandas) (2024.1)\nRequirement already satisfied: tzdata>=2022.7 in /home/geo2021/anaconda3/lib/python3.12/site-packages (from pandas) (2023.3)\nRequirement already satisfied: six>=1.5 in /home/geo2021/anaconda3/lib/python3.12/site-packages (from python-dateutil>=2.8.2->pandas) (1.16.0)\nRequirement already satisfied: xlrd in /home/geo2021/anaconda3/lib/python3.12/site-packages (2.0.1)\n",
  "history_begin_time" : 1742475918041,
  "history_end_time" : 1742475930939,
  "history_notes" : null,
  "history_process" : "wkkj41",
  "host_id" : "100001",
  "indicator" : "Done"
},{
  "history_id" : "aobra8oahhn",
  "history_input" : null,
  "history_output" : null,
  "history_begin_time" : null,
  "history_end_time" : 1742475919556,
  "history_notes" : null,
  "history_process" : "ul6ag3",
  "host_id" : "100001",
  "indicator" : "Stopped"
},{
  "history_id" : "olb7bq8huri",
  "history_input" : null,
  "history_output" : null,
  "history_begin_time" : null,
  "history_end_time" : 1742475919558,
  "history_notes" : null,
  "history_process" : "zmh4at",
  "host_id" : "100001",
  "indicator" : "Stopped"
},{
  "history_id" : "tlwekh8ksua",
  "history_input" : null,
  "history_output" : null,
  "history_begin_time" : null,
  "history_end_time" : 1742475919561,
  "history_notes" : null,
  "history_process" : "ug081o",
  "host_id" : "100001",
  "indicator" : "Stopped"
},{
  "history_id" : "3r5dz5b91tx",
  "history_input" : null,
  "history_output" : null,
  "history_begin_time" : null,
  "history_end_time" : 1742475919581,
  "history_notes" : null,
  "history_process" : "f4pq53",
  "host_id" : "100001",
  "indicator" : "Stopped"
},{
  "history_id" : "yw9cqmk6v3j",
  "history_input" : null,
  "history_output" : null,
  "history_begin_time" : null,
  "history_end_time" : 1742475919583,
  "history_notes" : null,
  "history_process" : "wtszw9",
  "host_id" : "100001",
  "indicator" : "Stopped"
},{
  "history_id" : "038rmzqnrfy",
  "history_input" : null,
  "history_output" : null,
  "history_begin_time" : null,
  "history_end_time" : 1742475919586,
  "history_notes" : null,
  "history_process" : "ddfkb3",
  "host_id" : "100001",
  "indicator" : "Stopped"
},{
  "history_id" : "yz80jpkejzc",
  "history_input" : null,
  "history_output" : null,
  "history_begin_time" : null,
  "history_end_time" : 1742475919588,
  "history_notes" : null,
  "history_process" : "yfhedx",
  "host_id" : "100001",
  "indicator" : "Stopped"
},{
  "history_id" : "vxlr0e5hqrv",
  "history_input" : null,
  "history_output" : null,
  "history_begin_time" : null,
  "history_end_time" : 1742475919591,
  "history_notes" : null,
  "history_process" : "7my0ib",
  "host_id" : "100001",
  "indicator" : "Stopped"
},{
  "history_id" : "to386iih17r",
  "history_input" : "import os\nimport urllib.request\nimport urllib.parse\n\ndef download_file(url, save_location, file_name=\"incd.csv\"):\n    \"\"\"\n    Downloads a file from a given URL and saves it to the specified location.\n    \n    Args:\n        url (str): The URL of the file to download.\n        save_location (str): The directory where the file should be saved.\n        file_name (str): The name to save the file as (default is 'incd.csv').\n    \n    Returns:\n        str: Full path of the saved file if successful, None if failed.\n    \"\"\"\n    try:\n        print(\"Starting file download...\")\n        \n        # Ensure the save directory exists\n        os.makedirs(save_location, exist_ok=True)\n\n        # Open the URL and read the content\n        with urllib.request.urlopen(url) as response:\n            if response.status != 200:\n                print(f\"Failed to download file. HTTP Status: {response.status}\")\n                return None\n            file_content = response.read()\n        \n        # Define the full save path\n        save_path = os.path.join(save_location, file_name)\n\n        # Write the file\n        with open(save_path, 'wb') as file:\n            file.write(file_content)\n\n        print(f\"File downloaded successfully and saved as: {save_path}\")\n        return save_path  # Return the saved file path\n\n    except Exception as e:\n        print(f\"An error occurred while downloading the file: {str(e)}\")\n        return None\n",
  "history_output" : "",
  "history_begin_time" : 1742475917857,
  "history_end_time" : 1742475919594,
  "history_notes" : null,
  "history_process" : "dv6ldm",
  "host_id" : "100001",
  "indicator" : "Stopped"
},{
  "history_id" : "pzbai3hs27q",
  "history_input" : null,
  "history_output" : null,
  "history_begin_time" : null,
  "history_end_time" : 1742475919594,
  "history_notes" : null,
  "history_process" : "pbr25n",
  "host_id" : "100001",
  "indicator" : "Stopped"
},{
  "history_id" : "t806oedvts1",
  "history_input" : null,
  "history_output" : null,
  "history_begin_time" : null,
  "history_end_time" : 1742475919597,
  "history_notes" : null,
  "history_process" : "7eqm4n",
  "host_id" : "100001",
  "indicator" : "Stopped"
},{
  "history_id" : "w73bstgwj6f",
  "history_input" : null,
  "history_output" : null,
  "history_begin_time" : null,
  "history_end_time" : 1742475919599,
  "history_notes" : null,
  "history_process" : "kth1gk",
  "host_id" : "100001",
  "indicator" : "Stopped"
},{
  "history_id" : "bhllcjcu2bl",
  "history_input" : null,
  "history_output" : null,
  "history_begin_time" : null,
  "history_end_time" : 1742475919602,
  "history_notes" : null,
  "history_process" : "4h36mr",
  "host_id" : "100001",
  "indicator" : "Stopped"
}]