[{
  "history_id" : "gsvlezczhyw",
  "history_input" : "#!/bin/bash\n\n#install require libaries\nimport pandas as pd",
  "history_output" : "/Users/jyoshmithareddypaturi/gw-workspace/gsvlezczhyw/gw-0FhTC9HWdRXjjLDyEzMyTevy7n-gsvlezczhyw.sh: line 4: import: command not found\n",
  "history_begin_time" : 1740629987982,
  "history_end_time" : 1740629989093,
  "history_notes" : null,
  "history_process" : "wkkj41",
  "host_id" : "100001",
  "indicator" : "Failed"
},{
  "history_id" : "7qsmcjz8xko",
  "history_input" : null,
  "history_output" : null,
  "history_begin_time" : null,
  "history_end_time" : 1740629989078,
  "history_notes" : null,
  "history_process" : "162xiz",
  "host_id" : "100001",
  "indicator" : "Stopped"
},{
  "history_id" : "4m2qjx1okgv",
  "history_input" : null,
  "history_output" : null,
  "history_begin_time" : null,
  "history_end_time" : 1740629989074,
  "history_notes" : null,
  "history_process" : "3onu0b",
  "host_id" : "100001",
  "indicator" : "Stopped"
},{
  "history_id" : "62rjea7xbc3",
  "history_input" : null,
  "history_output" : null,
  "history_begin_time" : null,
  "history_end_time" : 1740629989072,
  "history_notes" : null,
  "history_process" : "1l32v2",
  "host_id" : "100001",
  "indicator" : "Stopped"
},{
  "history_id" : "0yhzli2s1u6",
  "history_input" : null,
  "history_output" : null,
  "history_begin_time" : null,
  "history_end_time" : 1740629989076,
  "history_notes" : null,
  "history_process" : "ul6ag3",
  "host_id" : "100001",
  "indicator" : "Stopped"
},{
  "history_id" : "5268a1u1ak6",
  "history_input" : null,
  "history_output" : null,
  "history_begin_time" : null,
  "history_end_time" : 1740629989077,
  "history_notes" : null,
  "history_process" : "zmh4at",
  "host_id" : "100001",
  "indicator" : "Stopped"
},{
  "history_id" : "sih5r4b8zw2",
  "history_input" : null,
  "history_output" : null,
  "history_begin_time" : null,
  "history_end_time" : 1740629989083,
  "history_notes" : null,
  "history_process" : "ug081o",
  "host_id" : "100001",
  "indicator" : "Stopped"
},{
  "history_id" : "1prj8etvltd",
  "history_input" : null,
  "history_output" : null,
  "history_begin_time" : null,
  "history_end_time" : 1740629989084,
  "history_notes" : null,
  "history_process" : "7my0ib",
  "host_id" : "100001",
  "indicator" : "Stopped"
},{
  "history_id" : "00t2ggw68en",
  "history_input" : null,
  "history_output" : null,
  "history_begin_time" : null,
  "history_end_time" : 1740629989079,
  "history_notes" : null,
  "history_process" : "pbr25n",
  "host_id" : "100001",
  "indicator" : "Stopped"
},{
  "history_id" : "7ca0dwrs856",
  "history_input" : null,
  "history_output" : null,
  "history_begin_time" : null,
  "history_end_time" : 1740629989080,
  "history_notes" : null,
  "history_process" : "z3kcsx",
  "host_id" : "100001",
  "indicator" : "Stopped"
},{
  "history_id" : "bxdbrsf4sfl",
  "history_input" : null,
  "history_output" : null,
  "history_begin_time" : null,
  "history_end_time" : 1740629989081,
  "history_notes" : null,
  "history_process" : "f4pq53",
  "host_id" : "100001",
  "indicator" : "Stopped"
},{
  "history_id" : "i31258xodnc",
  "history_input" : null,
  "history_output" : null,
  "history_begin_time" : null,
  "history_end_time" : 1740629989085,
  "history_notes" : null,
  "history_process" : "dns40u",
  "host_id" : "100001",
  "indicator" : "Stopped"
},{
  "history_id" : "r3lp7qqlhud",
  "history_input" : null,
  "history_output" : null,
  "history_begin_time" : null,
  "history_end_time" : 1740629989087,
  "history_notes" : null,
  "history_process" : "m2rtkz",
  "host_id" : "100001",
  "indicator" : "Stopped"
},{
  "history_id" : "9xnynudy640",
  "history_input" : null,
  "history_output" : null,
  "history_begin_time" : null,
  "history_end_time" : 1740629989089,
  "history_notes" : null,
  "history_process" : "p2ymk1",
  "host_id" : "100001",
  "indicator" : "Stopped"
},{
  "history_id" : "tdwshlr1t9o",
  "history_input" : null,
  "history_output" : null,
  "history_begin_time" : null,
  "history_end_time" : 1740629989091,
  "history_notes" : null,
  "history_process" : "wtszw9",
  "host_id" : "100001",
  "indicator" : "Stopped"
}]