[{
  "history_id" : "pmcrvs6b1bw",
  "history_input" : "#!/bin/bash\n\n#install require libaries\nimport pandas as pd",
  "history_output" : "/Users/jyoshmithareddypaturi/gw-workspace/pmcrvs6b1bw/gw-0FhTC9HWdRXjjLDyEzMyTevy7n-pmcrvs6b1bw.sh: line 4: import: command not found\n",
  "history_begin_time" : 1740629005917,
  "history_end_time" : 1740629008112,
  "history_notes" : null,
  "history_process" : "wkkj41",
  "host_id" : "100001",
  "indicator" : "Failed"
},{
  "history_id" : "mo0234fzksp",
  "history_input" : null,
  "history_output" : null,
  "history_begin_time" : null,
  "history_end_time" : 1740629008017,
  "history_notes" : null,
  "history_process" : "162xiz",
  "host_id" : "100001",
  "indicator" : "Stopped"
},{
  "history_id" : "nmklqprtvzs",
  "history_input" : null,
  "history_output" : null,
  "history_begin_time" : null,
  "history_end_time" : 1740629008009,
  "history_notes" : null,
  "history_process" : "3onu0b",
  "host_id" : "100001",
  "indicator" : "Stopped"
},{
  "history_id" : "sp00cao5ntd",
  "history_input" : null,
  "history_output" : null,
  "history_begin_time" : null,
  "history_end_time" : 1740629008004,
  "history_notes" : null,
  "history_process" : "1l32v2",
  "host_id" : "100001",
  "indicator" : "Stopped"
},{
  "history_id" : "7a55hc71m78",
  "history_input" : null,
  "history_output" : null,
  "history_begin_time" : null,
  "history_end_time" : 1740629008012,
  "history_notes" : null,
  "history_process" : "ul6ag3",
  "host_id" : "100001",
  "indicator" : "Stopped"
},{
  "history_id" : "hqq4ikfcaf1",
  "history_input" : null,
  "history_output" : null,
  "history_begin_time" : null,
  "history_end_time" : 1740629008014,
  "history_notes" : null,
  "history_process" : "zmh4at",
  "host_id" : "100001",
  "indicator" : "Stopped"
},{
  "history_id" : "k9k9pvh77n6",
  "history_input" : null,
  "history_output" : null,
  "history_begin_time" : null,
  "history_end_time" : 1740629008018,
  "history_notes" : null,
  "history_process" : "f4pq53",
  "host_id" : "100001",
  "indicator" : "Stopped"
},{
  "history_id" : "psf48aiu6jb",
  "history_input" : null,
  "history_output" : null,
  "history_begin_time" : null,
  "history_end_time" : 1740629008019,
  "history_notes" : null,
  "history_process" : "ug081o",
  "host_id" : "100001",
  "indicator" : "Stopped"
},{
  "history_id" : "pmb3ljoetti",
  "history_input" : null,
  "history_output" : null,
  "history_begin_time" : null,
  "history_end_time" : 1740629008020,
  "history_notes" : null,
  "history_process" : "7my0ib",
  "host_id" : "100001",
  "indicator" : "Stopped"
}]