[{
  "history_id" : "sy2yvcq6sw6",
  "history_input" : "#!/bin/bash\n\ninstall require libaries\npip install pandas\npip install xlrd\n\n#pip install selenium\n#pip install selenium webdriver-manager\n\n\n#wget https://dl.google.com/linux/direct/google-chrome-stable_current_amd64.deb -O ~/google-chrome-stable_current_amd64.deb\n\n#ls -lh ~/\n\n#mkdir -p ~/chrome_install\n#dpkg-deb -x ~/google-chrome-stable_current_amd64.deb ~/chrome_install\n\n#find ~/chrome_install -name \"google-chrome\"\n\n\n\n\n\n\n",
  "history_output" : "install: cannot stat 'require': No such file or directory\nRequirement already satisfied: pandas in /home/geo2021/anaconda3/lib/python3.12/site-packages (2.2.3)\nRequirement already satisfied: numpy>=1.26.0 in /home/geo2021/anaconda3/lib/python3.12/site-packages (from pandas) (1.26.4)\nRequirement already satisfied: python-dateutil>=2.8.2 in /home/geo2021/anaconda3/lib/python3.12/site-packages (from pandas) (2.9.0.post0)\nRequirement already satisfied: pytz>=2020.1 in /home/geo2021/anaconda3/lib/python3.12/site-packages (from pandas) (2024.1)\nRequirement already satisfied: tzdata>=2022.7 in /home/geo2021/anaconda3/lib/python3.12/site-packages (from pandas) (2023.3)\nRequirement already satisfied: six>=1.5 in /home/geo2021/anaconda3/lib/python3.12/site-packages (from python-dateutil>=2.8.2->pandas) (1.16.0)\nRequirement already satisfied: xlrd in /home/geo2021/anaconda3/lib/python3.12/site-packages (2.0.1)\n",
  "history_begin_time" : 1741873523973,
  "history_end_time" : 1741873537036,
  "history_notes" : null,
  "history_process" : "wkkj41",
  "host_id" : "100001",
  "indicator" : "Done"
},{
  "history_id" : "huv07tsmn04",
  "history_input" : null,
  "history_output" : null,
  "history_begin_time" : null,
  "history_end_time" : 1741873525520,
  "history_notes" : null,
  "history_process" : "ul6ag3",
  "host_id" : "100001",
  "indicator" : "Stopped"
},{
  "history_id" : "7gtiurq9o0d",
  "history_input" : null,
  "history_output" : null,
  "history_begin_time" : null,
  "history_end_time" : 1741873525522,
  "history_notes" : null,
  "history_process" : "zmh4at",
  "host_id" : "100001",
  "indicator" : "Stopped"
},{
  "history_id" : "wsv396hujx4",
  "history_input" : null,
  "history_output" : null,
  "history_begin_time" : null,
  "history_end_time" : 1741873525524,
  "history_notes" : null,
  "history_process" : "ug081o",
  "host_id" : "100001",
  "indicator" : "Stopped"
},{
  "history_id" : "fnke9hgn664",
  "history_input" : null,
  "history_output" : null,
  "history_begin_time" : null,
  "history_end_time" : 1741873525526,
  "history_notes" : null,
  "history_process" : "f4pq53",
  "host_id" : "100001",
  "indicator" : "Stopped"
},{
  "history_id" : "yvscpatg9k3",
  "history_input" : null,
  "history_output" : null,
  "history_begin_time" : null,
  "history_end_time" : 1741873525528,
  "history_notes" : null,
  "history_process" : "wtszw9",
  "host_id" : "100001",
  "indicator" : "Stopped"
},{
  "history_id" : "10eo836l212",
  "history_input" : null,
  "history_output" : null,
  "history_begin_time" : null,
  "history_end_time" : 1741873525530,
  "history_notes" : null,
  "history_process" : "ddfkb3",
  "host_id" : "100001",
  "indicator" : "Stopped"
},{
  "history_id" : "vtqtvnl4ii0",
  "history_input" : null,
  "history_output" : null,
  "history_begin_time" : null,
  "history_end_time" : 1741873525532,
  "history_notes" : null,
  "history_process" : "mo2hsb",
  "host_id" : "100001",
  "indicator" : "Stopped"
},{
  "history_id" : "4sb90rqq7tf",
  "history_input" : null,
  "history_output" : null,
  "history_begin_time" : null,
  "history_end_time" : 1741873525534,
  "history_notes" : null,
  "history_process" : "yfhedx",
  "host_id" : "100001",
  "indicator" : "Stopped"
},{
  "history_id" : "vit72qsuull",
  "history_input" : null,
  "history_output" : null,
  "history_begin_time" : null,
  "history_end_time" : 1741873525535,
  "history_notes" : null,
  "history_process" : "7my0ib",
  "host_id" : "100001",
  "indicator" : "Stopped"
},{
  "history_id" : "i35iimb7kn5",
  "history_input" : null,
  "history_output" : null,
  "history_begin_time" : null,
  "history_end_time" : 1741873525556,
  "history_notes" : null,
  "history_process" : "kth1gk",
  "host_id" : "100001",
  "indicator" : "Stopped"
},{
  "history_id" : "6a3w8lw0cxp",
  "history_input" : null,
  "history_output" : null,
  "history_begin_time" : null,
  "history_end_time" : 1741873525580,
  "history_notes" : null,
  "history_process" : "hkyofs",
  "host_id" : "100001",
  "indicator" : "Stopped"
},{
  "history_id" : "k8l7ga39phf",
  "history_input" : "import os\nimport urllib.request\nimport urllib.parse\n\ndef download_file(url, save_location, file_name=\"incd.csv\"):\n    \"\"\"\n    Downloads a file from a given URL and saves it to the specified location.\n    \n    Args:\n        url (str): The URL of the file to download.\n        save_location (str): The directory where the file should be saved.\n        file_name (str): The name to save the file as (default is 'incd.csv').\n    \n    Returns:\n        str: Full path of the saved file if successful, None if failed.\n    \"\"\"\n    try:\n        print(\"Starting file download...\")\n        \n        # Ensure the save directory exists\n        os.makedirs(save_location, exist_ok=True)\n\n        # Open the URL and read the content\n        with urllib.request.urlopen(url) as response:\n            if response.status != 200:\n                print(f\"Failed to download file. HTTP Status: {response.status}\")\n                return None\n            file_content = response.read()\n        \n        # Define the full save path\n        save_path = os.path.join(save_location, file_name)\n\n        # Write the file\n        with open(save_path, 'wb') as file:\n            file.write(file_content)\n\n        print(f\"File downloaded successfully and saved as: {save_path}\")\n        return save_path  # Return the saved file path\n\n    except Exception as e:\n        print(f\"An error occurred while downloading the file: {str(e)}\")\n        return None\n",
  "history_output" : "",
  "history_begin_time" : 1741873523953,
  "history_end_time" : 1741873525581,
  "history_notes" : null,
  "history_process" : "dv6ldm",
  "host_id" : "100001",
  "indicator" : "Stopped"
},{
  "history_id" : "4tkonw4y0be",
  "history_input" : null,
  "history_output" : null,
  "history_begin_time" : null,
  "history_end_time" : 1741873525581,
  "history_notes" : null,
  "history_process" : "pbr25n",
  "host_id" : "100001",
  "indicator" : "Stopped"
}]