[{
  "history_id" : "pwvfhjtl5fb",
  "history_input" : "#!/bin/bash\n\n#install require libaries\nimport pandas as pd",
  "history_output" : "/Users/jyoshmithareddypaturi/gw-workspace/pwvfhjtl5fb/gw-0FhTC9HWdRXjjLDyEzMyTevy7n-pwvfhjtl5fb.sh: line 4: import: command not found\n",
  "history_begin_time" : 1740629858860,
  "history_end_time" : 1740629860969,
  "history_notes" : null,
  "history_process" : "wkkj41",
  "host_id" : "100001",
  "indicator" : "Failed"
},{
  "history_id" : "ox82evh8g5o",
  "history_input" : null,
  "history_output" : null,
  "history_begin_time" : null,
  "history_end_time" : 1740629860959,
  "history_notes" : null,
  "history_process" : "162xiz",
  "host_id" : "100001",
  "indicator" : "Stopped"
},{
  "history_id" : "1tm5be4im2i",
  "history_input" : null,
  "history_output" : null,
  "history_begin_time" : null,
  "history_end_time" : 1740629860952,
  "history_notes" : null,
  "history_process" : "3onu0b",
  "host_id" : "100001",
  "indicator" : "Stopped"
},{
  "history_id" : "7ubvo1h44ik",
  "history_input" : null,
  "history_output" : null,
  "history_begin_time" : null,
  "history_end_time" : 1740629860948,
  "history_notes" : null,
  "history_process" : "1l32v2",
  "host_id" : "100001",
  "indicator" : "Stopped"
},{
  "history_id" : "n3j0bxkfygq",
  "history_input" : null,
  "history_output" : null,
  "history_begin_time" : null,
  "history_end_time" : 1740629860954,
  "history_notes" : null,
  "history_process" : "ul6ag3",
  "host_id" : "100001",
  "indicator" : "Stopped"
},{
  "history_id" : "3deua7vvmyh",
  "history_input" : null,
  "history_output" : null,
  "history_begin_time" : null,
  "history_end_time" : 1740629860957,
  "history_notes" : null,
  "history_process" : "zmh4at",
  "host_id" : "100001",
  "indicator" : "Stopped"
},{
  "history_id" : "hgm02ouhj4d",
  "history_input" : null,
  "history_output" : null,
  "history_begin_time" : null,
  "history_end_time" : 1740629860964,
  "history_notes" : null,
  "history_process" : "ug081o",
  "host_id" : "100001",
  "indicator" : "Stopped"
},{
  "history_id" : "l6og7ujb9nr",
  "history_input" : null,
  "history_output" : null,
  "history_begin_time" : null,
  "history_end_time" : 1740629860965,
  "history_notes" : null,
  "history_process" : "7my0ib",
  "host_id" : "100001",
  "indicator" : "Stopped"
},{
  "history_id" : "bbflvvfw5jt",
  "history_input" : null,
  "history_output" : null,
  "history_begin_time" : null,
  "history_end_time" : 1740629860961,
  "history_notes" : null,
  "history_process" : "pbr25n",
  "host_id" : "100001",
  "indicator" : "Stopped"
},{
  "history_id" : "v7b6ul3vt9p",
  "history_input" : null,
  "history_output" : null,
  "history_begin_time" : null,
  "history_end_time" : 1740629860962,
  "history_notes" : null,
  "history_process" : "z3kcsx",
  "host_id" : "100001",
  "indicator" : "Stopped"
},{
  "history_id" : "j32ep8g26no",
  "history_input" : null,
  "history_output" : null,
  "history_begin_time" : null,
  "history_end_time" : 1740629860963,
  "history_notes" : null,
  "history_process" : "f4pq53",
  "host_id" : "100001",
  "indicator" : "Stopped"
},{
  "history_id" : "xdfvecgfdk2",
  "history_input" : null,
  "history_output" : null,
  "history_begin_time" : null,
  "history_end_time" : 1740629860966,
  "history_notes" : null,
  "history_process" : "dns40u",
  "host_id" : "100001",
  "indicator" : "Stopped"
},{
  "history_id" : "qt04bhilejr",
  "history_input" : null,
  "history_output" : null,
  "history_begin_time" : null,
  "history_end_time" : 1740629860967,
  "history_notes" : null,
  "history_process" : "m2rtkz",
  "host_id" : "100001",
  "indicator" : "Stopped"
},{
  "history_id" : "h886fogltvc",
  "history_input" : null,
  "history_output" : null,
  "history_begin_time" : null,
  "history_end_time" : 1740629860968,
  "history_notes" : null,
  "history_process" : "p2ymk1",
  "host_id" : "100001",
  "indicator" : "Stopped"
}]