[{
  "history_id" : "3HQqQN6ycvZD",
  "history_input" : "import os\nimport pandas as pd\nfrom download_data_utils import download_file  \n\ndef retrieve_radon_data():\n    \"\"\"\n    Downloads the Radon Zone Data (.xls), converts it to .csv, and saves it to /media/volume1.\n    Then, prints a few rows of the converted data.\n    \"\"\"\n    # Define the target directory\n    target_directory = \"/media/volume1\"\n\n    # Ensure the directory exists\n    os.makedirs(target_directory, exist_ok=True)\n\n    # Define the URL for Radon Zone data\n    radon_data_url = \"https://www.epa.gov/system/files/documents/2024-05/radon_zones-spreadsheet.xls\"\n\n    # Define file paths\n    radon_xls_path = os.path.join(target_directory, \"radon_zones.xls\")\n    radon_csv_path = os.path.join(target_directory, \"radon_zones.csv\")\n\n    # Download the .xls file\n    saved_file = download_file(radon_data_url, target_directory, \"radon_zones.xls\")\n\n    if saved_file and os.path.exists(saved_file):\n        try:\n            # Read the .xls file into pandas\n            df = pd.read_excel(saved_file, engine=\"xlrd\")  # For .xls files\n\n            # Convert to CSV\n            df.to_csv(radon_csv_path, index=False)\n\n            print(f\"Radon Zone Data converted and saved as: {radon_csv_path}\")\n\n            # Print a few rows to verify\n            print(\"\\nRadon Zone Data Preview:\")\n            print(df.head())  # Prints the first 5 rows\n\n        except Exception as e:\n            print(f\"Error converting Radon Zone Data: {e}\")\n    else:\n        print(\"Radon Zone Data download failed. Please check the URL and permissions.\")\n\nif __name__ == \"__main__\":\n    retrieve_radon_data()\n",
  "history_output" : "Starting file download...\nFile downloaded successfully and saved as: /media/volume1/radon_zones.xls\nRadon Zone Data converted and saved as: /media/volume1/radon_zones.csv\nRadon Zone Data Preview:\n    County,State     COUNTY LABEL    STATE  ... Zone Unnamed: 5  EPA 402/A-16/001\n0  UNITED STATES          no data  no data  ...    .        NaN               NaN\n1        ALABAMA          no data  no data  ...    .        NaN               NaN\n2    Autauga, AL  .Autauga County  Alabama  ...    2        NaN               NaN\n3    Baldwin, AL  .Baldwin County  Alabama  ...    3        NaN               NaN\n4    Barbour, AL  .Barbour County  Alabama  ...    2        NaN               NaN\n[5 rows x 7 columns]\n",
  "history_begin_time" : 1742477383454,
  "history_end_time" : 1742477384304,
  "history_notes" : null,
  "history_process" : "f4pq53",
  "host_id" : null,
  "indicator" : "Done"
},{
  "history_id" : "47zzWh8QZnEQ",
  "history_input" : "import os\nimport pandas as pd\nfrom download_data_utils import download_file  \n\ndef retrieve_radon_data():\n    \"\"\"\n    Downloads the Radon Zone Data (.xls), converts it to .csv, and saves it to /media/volume1.\n    Then, prints a few rows of the converted data.\n    \"\"\"\n    # Define the target directory\n    target_directory = \"/media/volume1\"\n\n    # Ensure the directory exists\n    os.makedirs(target_directory, exist_ok=True)\n\n    # Define the URL for Radon Zone data\n    radon_data_url = \"https://www.epa.gov/system/files/documents/2024-05/radon_zones-spreadsheet.xls\"\n\n    # Define file paths\n    radon_xls_path = os.path.join(target_directory, \"radon_zones.xls\")\n    radon_csv_path = os.path.join(target_directory, \"radon_zones.csv\")\n\n    # Download the .xls file\n    saved_file = download_file(radon_data_url, target_directory, \"radon_zones.xls\")\n\n    if saved_file and os.path.exists(saved_file):\n        try:\n            # Read the .xls file into pandas\n            df = pd.read_excel(saved_file, engine=\"xlrd\")  # For .xls files\n\n            # Convert to CSV\n            df.to_csv(radon_csv_path, index=False)\n\n            print(f\"Radon Zone Data converted and saved as: {radon_csv_path}\")\n\n            # Print a few rows to verify\n            print(\"\\nRadon Zone Data Preview:\")\n            print(df.head())  # Prints the first 5 rows\n\n        except Exception as e:\n            print(f\"Error converting Radon Zone Data: {e}\")\n    else:\n        print(\"Radon Zone Data download failed. Please check the URL and permissions.\")\n\nif __name__ == \"__main__\":\n    retrieve_radon_data()\n",
  "history_output" : "Starting file download...\nFile downloaded successfully and saved as: /media/volume1/radon_zones.xls\nRadon Zone Data converted and saved as: /media/volume1/radon_zones.csv\nRadon Zone Data Preview:\n    County,State     COUNTY LABEL    STATE  ... Zone Unnamed: 5  EPA 402/A-16/001\n0  UNITED STATES          no data  no data  ...    .        NaN               NaN\n1        ALABAMA          no data  no data  ...    .        NaN               NaN\n2    Autauga, AL  .Autauga County  Alabama  ...    2        NaN               NaN\n3    Baldwin, AL  .Baldwin County  Alabama  ...    3        NaN               NaN\n4    Barbour, AL  .Barbour County  Alabama  ...    2        NaN               NaN\n[5 rows x 7 columns]\n",
  "history_begin_time" : 1742477371578,
  "history_end_time" : 1742477373209,
  "history_notes" : null,
  "history_process" : "f4pq53",
  "host_id" : null,
  "indicator" : "Done"
},{
  "history_id" : "1zs6p7lkc56",
  "history_input" : "import os\nimport pandas as pd\nfrom download_data_utils import download_file  \n\ndef retrieve_radon_data():\n    \"\"\"\n    Downloads the Radon Zone Data (.xls), converts it to .csv, and saves it to /media/volume1.\n    Then, prints a few rows of the converted data.\n    \"\"\"\n    # Define the target directory\n    target_directory = \"/media/volume1\"\n\n    # Ensure the directory exists\n    os.makedirs(target_directory, exist_ok=True)\n\n    # Define the URL for Radon Zone data\n    radon_data_url = \"https://www.epa.gov/system/files/documents/2024-05/radon_zones-spreadsheet.xls\"\n\n    # Define file paths\n    radon_xls_path = os.path.join(target_directory, \"radon_zones.xls\")\n    radon_csv_path = os.path.join(target_directory, \"radon_zones.csv\")\n\n    # Download the .xls file\n    saved_file = download_file(radon_data_url, target_directory, \"radon_zones.xls\")\n\n    if saved_file and os.path.exists(saved_file):\n        try:\n            # Read the .xls file into pandas\n            df = pd.read_excel(saved_file, engine=\"xlrd\")  # For .xls files\n\n            # Convert to CSV\n            df.to_csv(radon_csv_path, index=False)\n\n            print(f\"Radon Zone Data converted and saved as: {radon_csv_path}\")\n\n            # Print a few rows to verify\n            print(\"\\nRadon Zone Data Preview:\")\n            print(df.head())  # Prints the first 5 rows\n\n        except Exception as e:\n            print(f\"Error converting Radon Zone Data: {e}\")\n    else:\n        print(\"Radon Zone Data download failed. Please check the URL and permissions.\")\n\nif __name__ == \"__main__\":\n    retrieve_radon_data()\n",
  "history_output" : "Starting file download...\nFile downloaded successfully and saved as: /media/volume1/radon_zones.xls\nRadon Zone Data converted and saved as: /media/volume1/radon_zones.csv\nRadon Zone Data Preview:\n    County,State     COUNTY LABEL    STATE  ... Zone Unnamed: 5  EPA 402/A-16/001\n0  UNITED STATES          no data  no data  ...    .        NaN               NaN\n1        ALABAMA          no data  no data  ...    .        NaN               NaN\n2    Autauga, AL  .Autauga County  Alabama  ...    2        NaN               NaN\n3    Baldwin, AL  .Baldwin County  Alabama  ...    3        NaN               NaN\n4    Barbour, AL  .Barbour County  Alabama  ...    2        NaN               NaN\n[5 rows x 7 columns]\n",
  "history_begin_time" : 1741882815530,
  "history_end_time" : 1741882816941,
  "history_notes" : null,
  "history_process" : "f4pq53",
  "host_id" : "100001",
  "indicator" : "Done"
},{
  "history_id" : "0CWmq29ZVzLX",
  "history_input" : "import os\nimport pandas as pd\nfrom download_data_utils import download_file  # Using your existing function\n\ndef retrieve_radon_data():\n    \"\"\"\n    Downloads the Radon Zone Data (.xls), converts it to .csv, and saves it to /media/volume1.\n    Then, prints a few rows of the converted data.\n    \"\"\"\n    # Define the target directory\n    target_directory = \"/media/volume1\"\n\n    # Ensure the directory exists\n    os.makedirs(target_directory, exist_ok=True)\n\n    # Define the URL for Radon Zone data\n    radon_data_url = \"https://www.epa.gov/system/files/documents/2024-05/radon_zones-spreadsheet.xls\"\n\n    # Define file paths\n    radon_xls_path = os.path.join(target_directory, \"radon_zones.xls\")\n    radon_csv_path = os.path.join(target_directory, \"radon_zones.csv\")\n\n    # Download the .xls file\n    saved_file = download_file(radon_data_url, target_directory, \"radon_zones.xls\")\n\n    if saved_file and os.path.exists(saved_file):\n        try:\n            # Read the .xls file into pandas\n            df = pd.read_excel(saved_file, engine=\"xlrd\")  # For .xls files\n\n            # Convert to CSV\n            df.to_csv(radon_csv_path, index=False)\n\n            print(f\"Radon Zone Data converted and saved as: {radon_csv_path}\")\n\n            # Print a few rows to verify\n            print(\"\\nRadon Zone Data Preview:\")\n            print(df.head())  # Prints the first 5 rows\n\n        except Exception as e:\n            print(f\"Error converting Radon Zone Data: {e}\")\n    else:\n        print(\"Radon Zone Data download failed. Please check the URL and permissions.\")\n\nif __name__ == \"__main__\":\n    retrieve_radon_data()\n",
  "history_output" : "Starting file download...\nFile downloaded successfully and saved as: /media/volume1/radon_zones.xls\nRadon Zone Data converted and saved as: /media/volume1/radon_zones.csv\nRadon Zone Data Preview:\n    County,State     COUNTY LABEL    STATE  ... Zone Unnamed: 5  EPA 402/A-16/001\n0  UNITED STATES          no data  no data  ...    .        NaN               NaN\n1        ALABAMA          no data  no data  ...    .        NaN               NaN\n2    Autauga, AL  .Autauga County  Alabama  ...    2        NaN               NaN\n3    Baldwin, AL  .Baldwin County  Alabama  ...    3        NaN               NaN\n4    Barbour, AL  .Barbour County  Alabama  ...    2        NaN               NaN\n[5 rows x 7 columns]\n",
  "history_begin_time" : 1741869262510,
  "history_end_time" : 1741869263411,
  "history_notes" : null,
  "history_process" : "f4pq53",
  "host_id" : null,
  "indicator" : "Done"
},{
  "history_id" : "ekNf3BiNGveT",
  "history_input" : "import os\nimport pandas as pd\nfrom download_data_utils import download_file  \n\ndef retrieve_radon_data():\n    \"\"\"\n    Downloads the Radon Zone Data (.xls), converts it to .csv, and saves it to /media/volume1.\n    \"\"\"\n    # Define the target directory\n    target_directory = \"/media/volume1\"\n\n    # Ensure the directory exists\n    os.makedirs(target_directory, exist_ok=True)\n\n    # Define the URL for Radon Zone data\n    radon_data_url = \"https://www.epa.gov/system/files/documents/2024-05/radon_zones-spreadsheet.xls\"\n\n    # Define file paths\n    radon_xls_path = os.path.join(target_directory, \"radon_zones.xls\")\n    radon_csv_path = os.path.join(target_directory, \"radon_zones.csv\")\n\n    # Download the .xls file\n    saved_file = download_file(radon_data_url, target_directory, \"radon_zones.xls\")\n\n    if saved_file and os.path.exists(saved_file):\n        try:\n            # Read the .xls file into pandas\n            df = pd.read_excel(saved_file, engine=\"xlrd\")  # For .xls files\n\n            # Convert to CSV\n            df.to_csv(radon_csv_path, index=False)\n\n            print(f\"Radon Zone Data converted and saved as: {radon_csv_path}\")\n\n        except Exception as e:\n            print(f\"Error converting Radon Zone Data: {e}\")\n    else:\n        print(\"Radon Zone Data download failed. Please check the URL and permissions.\")\n\nif __name__ == \"__main__\":\n    retrieve_radon_data()\n",
  "history_output" : "Starting file download...\nFile downloaded successfully and saved as: /media/volume1/radon_zones.xls\nRadon Zone Data converted and saved as: /media/volume1/radon_zones.csv\n",
  "history_begin_time" : 1741869184826,
  "history_end_time" : 1741869186848,
  "history_notes" : null,
  "history_process" : "f4pq53",
  "host_id" : null,
  "indicator" : "Done"
},{
  "history_id" : "MeYwbxLGhrEP",
  "history_input" : "import pandas as pd\nimport os\n\ndef fetch_data():\n    # Get the path to the Downloads folder\n    downloads_folder = os.path.expanduser('~') + '/Downloads'\n    \n    # Path to the CSV file in Downloads folder\n    file_path = os.path.join(downloads_folder, 'radonzones.csv')\n\n    # Check if the file exists\n    if os.path.exists(file_path):\n        # Read the CSV file\n        df = pd.read_csv(file_path)\n        \n        # Print the first few columns\n        print(df.iloc[:, :5])  # Adjust the number 5 to print more/less columns\n    else:\n        print(\"File not found:\", file_path)\n\n# Call the function\nfetch_data()\n",
  "history_output" : "        County,State        COUNTY LABEL    STATE Region Zone\n0      UNITED STATES             no data  no data      .    .\n1            ALABAMA             no data  no data      .    .\n2        Autauga, AL     .Autauga County  Alabama      4    2\n3        Baldwin, AL     .Baldwin County  Alabama      4    3\n4        Barbour, AL     .Barbour County  Alabama      4    2\n...              ...                 ...      ...    ...  ...\n3191  Sweetwater, WY  .Sweetwater County  Wyoming      8    1\n3192       Teton, WY       .Teton County  Wyoming      8    1\n3193       Uinta, WY       .Uinta County  Wyoming      8    1\n3194    Washakie, WY    .Washakie County  Wyoming      8    1\n3195      Weston, WY      .Weston County  Wyoming      8    2\n[3196 rows x 5 columns]\n",
  "history_begin_time" : 1740626522158,
  "history_end_time" : 1740626522965,
  "history_notes" : null,
  "history_process" : "f4pq53",
  "host_id" : null,
  "indicator" : "Done"
},{
  "history_id" : "RNWJjAhBCYRf",
  "history_input" : "import os\n\ndownloads_folder = os.path.expanduser('~/Downloads')\nfiles = os.listdir(downloads_folder)\n\nprint(\"Files in Downloads:\")\nfor f in files:\n    print(f)\n",
  "history_output" : "Files in Downloads:\nUnitedStatesPM25-V6GL01-Annual-REGIONAL-2000-2019-wThresFrac.csv\nResumeFinal[74].pdf\nStateDatabyWeekforMap_2022-23week40-39.csv\nworkflowoptionspart11.mp3\nAcademic Transcript fall24.pdf\nenvironmentpart2.mp3\nP1_PATURI_G01459587\nmy_solution-3.csv\nGEOW2402_Geoweaver Weather Forecasting Demo_Final.mp4\nep1.pdf\naccountSummaryOverview (1).pdf\nScreen Recording 2024-04-20 at 4.45.46 PM.mov\nmerged_mortality_aqi_influenza_data.csv\nProject_Component2.sql\nUtilityBillingStatement_t0050227_012024.pdf\nPM2.5combined.csv\nJyoshmithareddypaturi_642HW2\njpaturi_resume_gmu.pdf20230903-1-ushuzb20230903-1-3ikihm.pdf\nshruthi VR.zip\ntl_2021_us_county.zip\nprofessor_dashboard.html\n54458922_20240711065048.pdf\nNSF Final.zip\ndbswitch6.mp3\nfinal_merged_aqi_cancer_data-2.csv\n54734387.pdf\nVirginia - Form VA-4.pdf\nGeoweaver Banner.png\n000 3.png\ngwdemo-part4.wav\nCS747_Assigment5\nFinal.png\nLecture 10.pptx\nLung Cancer data.zip\nimage (5).png\nlease doc.pdf\ngwdemo-part5.wav\nRangiTaranga (2015) Kannada 700MB @Links2U.mkv\nCHAITANYA_VARMA_SANABOINA_CV.docx\n000 2.png\ndbswitch7.mp3\nW8BENIC16-4.pdf\njpaturi_hw4.zip\nUntitled (1280 x 640 px).zip\njpaturi_Assignment2_code\nGFP.zip\nprocesspart5 (1).mp3\n3145-Article Text-13323-1-10-20240430.pdf\nworkflowoptionspart4.mp3\nPaper Summary1_CS692.pdf\n202510.19861 CS-692-003 (Spring 2025): Cancelation of the first lecture on Friday.pdf\nAssignment 1 CS 747 template copy.docx\nmarvel.pdf\nCS583-M9-ASSIGNMENT9-JYOSHMI.textClipping\nMP5-Creating DQN Agent_Breakout-v5 (1).ipynb\nmy_solution-2.csv\naccountSummaryOverview.pdf\nParticipation Activity 9_Paturi_G01459587.zip\nenvironmentpart3.mp3\nworkflowoptionspart10.mp3\ngeoweaver_for_health_v2 (1).pdf\nOperational Monitoring of Snow Water Equivalent in the Western U.S. Using Machine Learning and Remote Sensing (5).png\nWhatsApp Image 2024-12-06 at 20.05.43.jpeg\nSign_the_Lease_Agreement.pdf\nScreen Recording 2024-04-24 at 1.11.41 AM.mov\nCamScanner 07-26-2023 01.01.05 2.pdf\n203581812.zip\nenvironmentpart1.mp3\nairqualitytrendsbycity2000-2023.xlsx\nScreenshot 2024-09-09 at 11.11.57 PM.png\nDisease-Prediction-from-Symptoms-checkpoint.ipynb\nCS480_580_final_exam_topics(1).rtf\nESIP_1212025.pptx\nimage (10).png\ngeoweaver_poster_esdswg_2023 (1).pptx\ngr3yir8dynuvvrwp39ox (2).zip\nP1_PATURI_G01459587.zip\nHomework Assignment II (2).docx\nCS747_Assignment3-3\ndbswitch5.mp3\nJYOSHMITHA REDDY PATURI ML copy.docx\nmotivation 03.ipynb\ndownload-2\nfnafis2_hw9.mkv\nimage (9).png\nstylegan_ffhq1024.pth.download\ndbswitch4.mp3\nSWE 642 ExtraCredit Report.pdf\n000.png\nMetaVersePaper.pdf\nCursor Mac Installer (250207y6nbaw5qc).zip\nWhatsApp Image 2024-04-04 at 16.27.07 (1).jpeg\nCounty_COPD_prevalence.csv\nMP4_generation_PART2.ipynb\nP1_Sivasamy_G01453460.zip\nmotivation draft 2.ipynb\napache-tomcat-10.0.23\nLung Cancer data\nShift coverage-form (1).pdf\nInstallLDBPackage64c-2-1-2-08 (1).zip\nSTOCKS RADHIKA.xlsx\nozone_data.csv.numbers\nP4_Matta_G01413120.zip\noverview prev.ipynb\nP4_Paturi_G01459587.zip\nfinal_merged_aqi_cancer_airquality.csv\nCS747_Assignment2\nParticipation activity 2\nMultiActivity.zip\nmy_solution-5.csv\nenvironmentpart4.mp3\njpaturi_Assignment2_code.zip\nOperational Monitoring of Snow Water Equivalent in the Western U.S. Using Machine Learning and Remote Sensing (8).png\nHomework Assignment 1 550.docx\naffinity-designer-2.5.5.dmg\ngiphy.mp4\n222283341109.JPEG\nworkflowoptionpart5-mod.mp3\nradon_merged_data.csv\npart2.ipynb\n54458924_20240711065051-2.pdf\nPAYMENT_RECEIPT_1632924906.pdf\nworkflowoptionspart3.mp3\nindex.html\nW8BENIC16-3.pdf\naccountSummaryOverview-2.pdf\nPAYMENT_RECEIPT_1620130307.pdf\nScreen Recording 2024-05-17 at 11.20.49 PM.mov\n.DS_Store\nimage (8).png\n000 5.png\nmacbook purchased on dec 3rd, 2023.pdf\nreadme (ec2) .txt\n642HW1Jyosh.ppk\ngwdemo-part2.wav\nconfig.py\ngwdemo-part3.wav\n642 HW1.pdf\nSleepyHollow_Impl.sql\nVue.js.pdf\ngat_training_data_sampled.pt\nHomework Assignment II.docx\n000 4.png\nGateways2023_paper_21.pdf\nswe642Assignment3\nP2_Sivasamy_G01453460.zip\nCS583-M4-ASSIGNMENT4-JYOSHMITHA REDDY PATURU.pdf\nWhatsApp Image 2024-04-04 at 16.27.07.jpeg\ndbswitch1.mp3\naccountSummaryOverview-3.pdf\nCS583-M11-ASSIGNMENT11-JYOSHMI.pdf\nW8BENIC16-2.pdf\ndata_222235.csv\njpaturi_Assignment3.zip\nGEOW2401_Storyboards_15 - UI Sequence - Intro.ai\nworkflowoptionspart2.mp3\njpaturi_hw4\nLecture 6.pptx\nNew project.zip\none health paper (1).docx\nUsing Geoweaver in OpenOnDemand Desktop.docx\n~$3909_Bills.xlsx\nimage (11).png\npart 3.pdf\nAssignment 1 CS 747 template copy.pdf\nGmu Id Card.pdf\nMeasurement_Guideline.pdf\ncleaned_dataset.csv\nmy_solution-4.csv\n~$my_summer_intern_final_v2.xlsx\nmerged_influenza_aqi_data_2022.csv\nSWE.pptx\nP4_Matta_G01413120\nOperational Monitoring of Snow Water Equivalent in the Western U.S. Using Machine Learning and Remote Sensing (4).png\nWhatsApp Image 2024-12-06 at 20.05.42.jpeg\nmodels.py\nMP3_P3- Jupyter Notebook.pdf\nmy_solution-6.csv\nJyosh resumeGW.pdf\nGeoweaver1.mov\nJake_s_Resume.pdf\nCS747_Assignment4_template.docx\narchive\n642\nCS747_DL_Assignment-1.ipynb\n642 midterm\nScreenshot 2025-02-12 at 5.09.47 PM.png\nCS747_Assignment4\nCamScan_23-02-2024_14-40-35.pdf\ndbswitch3.mp3\nmerged_data.csv\nAGU Poster wildfire.pdf\nAvailability_Form_J1.pdf\nVikasHalgarSeetharam_Resume.pdf\nCS480_580_final_exam_topics (1).rtf\nBank statement with salary .pdf\n000 6.png\nJyoshmitha Resume.pdf\ngwdemo-part1.wav\ns96wh3yf2f3ue7jyx1v9\nimage (4).png\nmemory.py\njpaturi_mp3_code.zip\nHomework Assignment 1_Solution.docx\nAI Ready Data for Air Pollution, Lung Cancer, and Mortality in the United States.docx\ndbswitch2.mp3\nFinal Exam Discussion_001 (1).pptx\nGeoweaver poster 2024.png\nUpdated poster (1).zip\nworkflowoptionspart1.mp3\nRenters Insurance Binder.pdf\ndownload-2.zip\nWhatsApp Image 2024-10-27 at 18.55.46.jpeg\nMeasurement_Guideline (2).pdf\n.localized\nw8benic16.pdf\nJobscan Cover Letter Package.docx\n189334029.zip\n~$IHME_USA_COUNTY_RESP_DISEASE_MORTALITY_1980_2014_NATIONAL_Y2017M09D26.XLSX\nJyosh Resume 10-23-24.docx\nUntitled2 (1).ipynb\nmy_solution-7.csv\nPoster Geoweaver 2024.png\nP4_Paturi_G01459587 2\n54458925_20240711065052-2.pdf\nGeoweaver.dmg\nweatherpart6.mp3\nlung_disease_data (1).csv\nCS747-assignment1\ntable_export.csv\nkaggle_rnn_submission.csv\nUntitled.ipynb\nCS747_Assignment5.zip\nannual_aqi_by_county_2021.csv\noverview.ipynb\nprocesspart5.mp3\nswe_predicted_2024-09-13.tif\nScreen Recording 2025-02-06 at 12.02.25 PM.mov\nswe_predicted_2024-09-07.tif\nhttpscreate.piktochart.comteams31783171dashboard.pdf\nLecture 1.pptx\nworkflowpart5.mp3\nnew.zip\nGP.pdf\nProject Component 3.docx\nStructured and engaging work framework for the Geoweaver intern students.docx\nThanmayiRajendra_Resume.pdf\nmacdownloadpart6.mp3\nVisa.pdf\ndbswitch14.mp3\nmy_solution.csv\nProject Proposal Template.docx\ndbswitch15.mp3\ndockergeoweaver1.mp3\nmacdownloadpart7.mp3\ncleaned_air_radon_cancer_data.csv\nhouse rent.pdf\npart1.mp3\nP2_Paturi_G01459587 2\nworkflowpart4.mp3\n~$747_assignment5_template.docx\nvalidation.ipynb\nsql.pdf\nshruthi VR\n642.zip\nHW2 - SWE 632.pdf\npart1 (1).ipynb\nsnotel_ghcnd_stations_4yrs_all_cols_log10.csv\ngithub.pdf\nOperaGXSetup.zip\njcv4.pdf\nGateways2023_paper_21 (1).pdf\nShift coverage-form (7).pdf\nprocesspart4.mp3\nCAIG.ipynb\nCS747_Assignment4.zip\nGMU_CS_551_Week1_Setup.pptx\nannual_aqi_by_county_2020.csv\nWait List Form.pdf\ngeoweaver_poster_esdswg_2023.pptx\nNSF figure.pdf\nweatherpart7.mp3\nmark sheets.pdf\n366674374-fe3538f8-1616-45a0-91c2-a745d474478e.png\nweatherpart5.mp3\nShift coverage-form (11).pdf\nExtra Credit G01459609 2\ninsertions.sql\nDALL·E 2024-09-06 01.04.22 - A visually engaging figure summarizing an NSF project integrating AI with snow water equivalent (SWE) forecasting. The figure should have an appealing.webp\nParticipation activity\njpaturi_MP4_generation_PART2_output.pdf\nprocesspart6.mp3\nfinal data.zip\nSUMMARY-3.pdf\nlung_disease_data.csv\nGEOW2401_Storyboards_21 - UI Sequence - Trial and Error (1).ai\nmonthly_aqi_by_state_2022.csv\ndatasets inventory.xlsx\nProject1\nworkflowoptionpart6.mp3\nAndroid5\nworkflowpart6.mp3\nViewPDF.pdf\nScreenshot 2024-05-27 at 6.11.07 PM.png\npart3.mp3\nmacdownloadpart5.mp3\nGeoweaver Poster new.pdf\ncreate-your-own_64635515 (1).zip\ndockergeoweaver3.mp3\ndbswitch17.mp3\nWhatsApp Image 2024-04-04 at 16.27.07 (2).jpeg\nP3_Sivasamy_G01453460.zip\nimage (3).png\ngeoweaver (1).jar\nswe642Assignment3.zip\ndbswitch16.mp3\ndockergeoweaver2.mp3\nJGW.pdf\nmacdownloadpart4.mp3\nCS583-M1-ASSIGNMENT1-JYOSHMITHA REDDY PATURU.pdf\nP2_Paturi_G01459587 (1).zip\npart2.mp3\ndisease-prediction-model-workflow-main.zip\nworkflowpart7.mp3\njpaturi_mp4_code.zip\nFinal Exam Discussion_001.pptx\njpaturi_MP5_code.zip\nworkflowoptionpart7.mp3\nJYOSHMITHA REDDY PATURI RESUME.pdf\nI94 - JYOSHMITHA.pdf\nnetbeans-21-bin.zip\nSUMMARY-2.pdf\nprocesspart7.mp3\nOffer - Jyoshmitha Reddy Paturi.pdf\nGateway ppt.pptx\nHomework Assignment II (1).docx\nCS747_homework2.zip\nOperational Monitoring of Snow Water Equivalent in the Western U.S. Using Machine Learning and Remote Sensing (3).png\nweatherpart4.mp3\nOperational Monitoring of Snow Water Equivalent in the Western U.S. Using Machine Learning and Remote Sensing (2).png\nfinal_merged_aqi_cancer_data.csv\nCS747_Assignment3.zip\njpaturi_Assignment3\nDALL·E 2024-09-06 00.20.29 - A visually engaging rectangular figure summarizing an NSF project integrating AI with snow water equivalent (SWE) forecasting. The figure should have .webp\nCHAITANYA VARMA SANABOINA_Resume_PM.docx\n_tmp__lease_documents_20240918122930.pdf\nprocesspart3.mp3\nSUMMARY-6.pdf\nGEOW2401_Storyboards_26 - UI Sequence - Sharing Across Globe.ai\nmayank-baranwal-QUpQfo-eqjI-unsplash.jpg\npart10.mp3\npassport.pdf\nVirusViewByWeek.csv\ncv2.pdf\npart6.mp3\n[It Ends With Us 1] Colleen Hoover - It Ends with Us (2016, Atria Books) - libgen.li.epub\nPAYMENT_RECEIPT_1625957363.pdf\nCS583-M5-ASSIGNMENT5-JYOSHMITHA REDDY PATURU.pdf\nworkflowpart3.mp3\nOperational Monitoring of Snow Water Equivalent in the Western U.S. Using Machine Learning and Remote Sensing.zip\ndbswitch12.mp3\ndockergeoweaver6.mp3\n50840994.pdf\nCS747-assignment1 3.zip\nimage (2).png\npart1.ipynb\nCS747-assignment1 2.zip\nmacdownloadpart1.mp3\ndockergeoweaver7.mp3\ndbswitch13.mp3\nScreen Recording 2025-02-24 at 11.07.43 AM.mov\nworkflowpart2.mp3\noverview 01.ipynb\nCredit card bill.PNG\npart7.mp3\ngr3yir8dynuvvrwp39ox (1)\ncv3.pdf\nUntitled2.ipynb\nSun_Irene_Kim_2023ASSIP_Poster.pptx (2).pdf\nGeoweaver.MOV\n00README_catalogue_and_licence.txt\nMP4_generation.ipynb\nSUMMARY-7.pdf\nJYOSHMITHA REDDY PATURI ML.pdf\ncreate-your-own_64627352.zip\nPLAN OF WORK JYOSHMITHA TEAM.docx\nprocesspart2.mp3\nShift coverage-form (10).pdf\ngr3yir8dynuvvrwp39ox\ngat_training_data.pt\nweatherpart1.mp3\nP1_PATURI_G01459587 2\nweatherpart3.mp3\nPredictions-2.ipynb\nkk60jzeqxdesff3u7b41\nannual_aqi_by_county_2018.csv\nradon_zones-spreadsheet.xls\nUntitled design-2.pdf\nShift coverage-form (6).pdf\nSUMMARY-5.pdf\nSQLDeveloper.app\nFinal Grades 1.pdf\nGEOWEAVER POSTER 2024 .png\nData-2.zip\ndata-table-3.csv\nmerged_cancer_airquality_data.csv\nP4_Paturi_G01459587\nScreen Recording 2024-04-20 at 4.42.20 PM (1).mov\nGEOW2401_Storyboards_35 - Geoweaver Logo on Binary Stars Background.ai\nsubmission_189334029.pdf\npart5.mp3\nVirginia - Form VA-4 (1).pdf\nLecture 4 (1).pptx\ndbswitch11.mp3\ndockergeoweaver5.mp3\nrepository-open-graph-template (1).png\n54458925_20240711065052.pdf\n3117811.3117815.pdf\nOperational Monitoring of Snow Water Equivalent in the Western U.S. Using Machine Learning and Remote Sensing-page-001 (1).jpg\nmacdownloadpart3.mp3\nScreenshot 2024-12-03 at 12.26.23 AM.png\nconclusion.ipynb\nOverview 03.ipynb\nCS 550 Syllabus (1).docx\nHomework1_CS_747_Fall_2024_Deep_Learning-2.pdf\nNSF Final-page-001.jpg\ngr3yir8dynuvvrwp39ox (2)\nmacdownloadpart2.mp3\nCaptura de pantalla 2024-07-17 a la(s) 5.09.29 p.m..png\nEL JYOSHMITHA REDDY.pdf\ndockergeoweaver4.mp3\ndbswitch10.mp3\nNehaa_Insurance.pdf\n2506_stylemorph_disentangled_3d_awa.pdf\nworkflowpart1.mp3\ncleaned_aggregated_data (1).csv\nOpTransactionHistory25-01-2025.pdf\nw4nr.pdf\nIncidOzone2018.csv\nvideo1231717176.MP4\ndata-table-2.csv\nmotivation.ipynb\njcv1.pdf\nVideoConferencingInTheWildPaper.pdf\nprocesspart1.mp3\nQuantum_poster20240828.pdf\nUntitled design-3.pdf\nSUMMARY-4.pdf\nannual_aqi_by_county_2019.csv\nMP5-Creating DQN Agent_Breakout-v5.ipynb\nweatherpart2.mp3\nData_Set_Final_LTD_Slope_Intercept.xlsx\nP4_Paturi_G01459587 (2).zip\nShift coverage-form.pdf\nWelcome Letter.pdf\nJYOSHMITHA REDDY PATURI ML.docx\n38689983.pdf\nMP3_P1 part 3 .pdf\nHomework Assignment 3.docx\nHW4.docx\nShift coverage-form (5).pdf\ndockergeoweaver10.mp3\nScreenshot 2024-11-28 at 10.32.58 PM.png\nmodel.py\nmodel (1).py\njpaturi_assignment11\ns96wh3yf2f3ue7jyx1v9 (1).zip\njpaturi_MP4_classification_output.pdf\ncleaned_aggregated_data.csv\nAssignment 1 CS 747 template.docx\nGeoweaver poster 2024 (1).png\npart9.mp3\nnormalized_data.csv\ndockergeoweaver9.mp3\ntraining data to GNN format - Jupyter Notebook.pdf\nStateDatabyWeekforMap_2021-22week40-39.csv\nHealth (2).pptx\nCS583-M10-Assignment10-RithikTheddu.pdf\nCS583-M2-ASSIGNMENT2-JYOSHMITHA REDDY PATURU.pdf\nGEOW2401_Storyboards_14 - Geoweaver Logo Dark on White.ai\nJyoshmitha_G01459587_642HW1\ndockergeoweaver8.mp3\ni20 document George mason university (1).pdf\njpaturi_mp3_code\ntraining data to GNN format .ipynb\nProject Component 1.docx\npart8.mp3\npexels-krivec-ales-547115.jpg\nLecture 3.pptx\nHealth data.zip\nPJyoshmithaReddy1Resume.pdf\nCVJ.pdf\nDocker.dmg\npm25_data.csv\njpaturi_Assignment5_report.pdf\nmotivation draft.ipynb\nJyoshmithareddypaturi_642HW2 2\nLecture 6 (2).pptx\nOperational Monitoring of Snow Water Equivalent in the Western U.S. Using Machine Learning and Remote Sensing.pdf\nUntitled (1).png\ndockergeoweaver11.mp3\n217301372.zip\n54458924_20240711065051.pdf\nmy_summer_intern_final_v2.xlsx\nP4_Paturi_G01459587 (1).zip\nOperational Monitoring of Snow Water Equivalent in the Western U.S. Using Machine Learning and Remote Sensing (1).png\nSun_Irene_Kim_2023ASSIP_Poster.pptx.pdf\nSlack-4.36.140-macOS.dmg\nCS583-M9-ASSIGNMENT9-JYOSHMITHA REDDY PATURU.pdf\nChatGPT_Desktop_public_latest.dmg\nannual_aqi_by_county_2017.csv\ninvoice-04351-3860503.pdf\nShift coverage-form (9).pdf\nuw-data-science-seminar-ziheng-sun.ics\nUntitled2 (2).ipynb\nOperational Monitoring of Snow Water Equivalent in the Western U.S. Using Machine Learning and Remote Sensing.png\nWait List Form.doc\n[Twisted 02] Ana Huang - Twisted Games (2021) - libgen.li.epub\njpaturi_MP5_output.pdf\ntraining data to GNN format\ncs747\nGeoweaver-3.dmg\nimage (1).png\nMP3_P1.ipynb\ns10653-023-01820-4.pdf\nCS583-M1-ASSIGNMENT1-JYOSHMITHA REDDY PATURU (1).pdf\nCS480_580_final_exam_topics.rtf\nScreen Recording 2024-04-20 at 4.42.20 PM.mov\nSWE.pptx.pdf\nGeoweaver-2.dmg\nMP5-Creating DQN Agent_Breakout-v5-mountaincar-Copy2 (1).ipynb\n67088922.pdf\nIncidPM2.52018.csv\nSun_Irene_Kim_2023ASSIP_Poster.pptx (1).pdf\nSSN.pdf\nMidterm.pptx\nP3_Paturi_G01459587\nutils.py\njpaturi_MP4_generation_output.pdf\ndockergeoweaver12.mp3\ndownload\nweatherpart9.mp3\nMP5-Creating DQN Agent_Breakout-v5 (2).ipynb\nLung Cancer data 3.zip\n~$osh Resume 10-23-24.docx\n671ecbedc023579e10da5eb5a8a7837e.pdf\ntraining data to GNN format.zip\ndisease-prediction-model-workflow-main\nHw10.mkv\npassport-JYOSHMITHA.pdf\n6cvdocx.docx\nParticipation activity.zip\n~$747_Assignment4_template.docx\nCS583-M10-ASSIGNMENT10-JYOSHMITHA REDDY PATURU.pdf\nUntitled (1280 x 640 px) (1).pdf\nSWE.ipynb\nMultiActivity\nhostpart2.mp3\nDaily_Census_Tract-Level_Ozone_Concentrations__2011-2015.csv\n50840989.pdf\nThanmayi_642_2\nmacdownloadpart9.mp3\ngeoweaver_for_health_v1 (2).docx\nCHAITANYA VARMA SANABOINA_Resume.docx\nincd.csv\nstylemc-main.zip\nOffer - Jyoshmitha Reddy Paturi-2.pdf\njpaturi_mp3_part2(1)_output.pdf\ndata-table (1).csv\n~$oweaver_for_health_v1.docx\nmacdownloadpart8.mp3\ninstall 2.pdf\n53131052.pdf\nhostpart3.mp3\nanyconnect-macos-4.10.07073-core-vpn-webdeploy-k9.zip\nandroid-studio-2023.2.1.24-mac_arm.dmg\nResumeFinal.pdf\nShift coverage-form (8).pdf\nDesign Overview.pdf\nI-20_Paturi_psw.pdf\n~$STOCKS RADHIKA.xlsx\njpaturi_HW13.zip\nGP.zip\nlec13.pptx\ngeoweaver_for_health_v1.docx\nLung Cancer data 2.zip\nnew\nagent.py\nCopy of data_cleaned_final(1).csv\nweatherpart8.mp3\ntrain.py\nCVJ.docx\ntesting&Evaluation.ipynb\nprocesspart9.mp3\n~$HW3.docx\ncv5j.pdf\nScreenshot 2024-06-09 at 7.00.32 PM.png\nOperational_Fire_Resilience Template Slide for Sessions JAN25.pptx\ngr3yir8dynuvvrwp39ox.zip\njpaturi_assignment13.mp4\nInstall Cursor.app\nOperational_Fire_Resilience Template Slide for Sessions JAN25-2.pptx\nkaggle_rnn_submission (1).csv\nLecture 2.pptx\nstylemc-main\nworkflowoptionpart9.mp3\n~$5.1CV.docx\nswe_predicted_2022-10-11.tif\nCS583-M6-ASSIGNMENT6-JYOSHMITHA REDDY PATURU.pdf\nWarp.dmg\nVue.js.pptx\nCaptura de pantalla 2024-07-17 a la(s) 5.09.19 p.m..png\nJYOSHMITHA_RESUME (1).pdf\nJyoshmitha_G01459587_642HW1 2\nhostpart1.mp3\nworkflowpart9.mp3\ndbswitch18.mp3\nGEOW2401_Storyboards_21 - UI Sequence - Trial and Error.ai\nFinal Poster.png\nHW4-SWE632.pdf\nMotivation prev.ipynb\njpaturi_HW10\n[Template] PLAN OF WORK INDIVIDUAL.docx\nGeoweaver-4.dmg\ndbswitch19.mp3\nAir_Quality_Measures_on_the_National_Environmental_Health_Tracking_Network.csv\ndisease-prediction\nSWE - Jupyter Notebook.pdf\nDALL·E 2024-10-30 19.43.52 - A social media preview image for the Geoweaver project. Include a clean, modern design with a white or light blue background, the Geoweaver logo promi.webp\nworkflowpart8.mp3\nP3_Paturi_G01459587.zip\nAcademic Transcript-2nd.pdf\n217301372\nwater_payment.pdf\nNew project-page-001 2.jpg\nnetbeans\nShift coverage-form (4).pdf\njpaturi_HW10.zip\nprocesspart8.mp3\ndockeraudio.mp3\nmacdownloadpart5mod.mp3\nLecture  7.pptx\n692_Jyoshmitha_G01459587.pdf\nAndroid Networking Configuration.pptx\nJyoshmitha Reddy P_Software Engineer I_20250118.pdf\nreadme.txt\ngateways geoweaver paper 2024.docx\nOperational Monitoring of Snow Water Equivalent in the Western U.S. Using Machine Learning and Remote Sensing (7).png\nec2 setup commands.rtf\n642(2) midterm\n68028009.pdf\nfeature_engineering_notebook.py\nProject Component 1 Rubric.docx\nNew project-page-001.jpg\nideate-model.pdf\nlosses.py\n~$teways2023_paper_21.docx\n.ipynb_checkpoints\nNew project.pdf\nVisionProPaper.pdf\nHealth (1).pptx\nJyoshmitha_G01459587.pdf\nGEOW2401_Storyboards_14 - Geoweaver Logo Dark on White (1).ai\nThanmayi_642_2.zip\nMy copy Geoweaver Guide Video Transcripts.docx\nPaper Summary1_CS692.docx\nPaper Summary2_CS692.pdf\nweatherpart7 (1).mp3\nCS480_580_final_exam_topics (2).rtf\nViewPDF-6.pdf\nUntitled.png\nimage (7).png\nGEOW2401_Storyboards_18 - UI Sequence - Time and Money.ai\nLecture 6 (1).pptx\nWill Machine Learning AI Make Human Translators An Endangered Species?.jpg\nCS583-M3-ASSIGNMENT3-JYOSHMITHA REDDY PATURU.pdf\nBill on the name of Harini who is our primary appllicant.pdf\nMP3_P1 - Jupyter Notebook.pdf\nfinal_merged_aqi_cancer_airquality-2.csv\nLecture 9.pptx\nAbstract.ipynb\nqgis-macos-pr.dmg\nMentorLastName_FirstName_LastName_2023ASSIP_Poster.pptx\nPAYMENT_RECEIPT_1622945183.pdf\njpaturi_mp3_code 2\nSUMMARY.pdf\nGoogle Fi-2023-08-10.pdf\nIMG_7773.jpg\nSWE632- HW3.pdf\ndatabase.jsp\ngeoweaver.jar\nScreenshot 2024-06-03 at 8.23.25 PM.png\nProject1.zip\nVamsi Seemakurthi_Resume.pdf\nVirginia - Form VA-4-2.pdf\nGEOW2401_Storyboards_22 - UI Sequence - Visualizing Results.ai\nXGBoost.ipynb\nGeoweaver board.pdf\nPaturi_Wage Letter_.pdf\nmodel_training.ipynb\nW4NR-3.pdf\nGateways2023_paper_21.docx\nGEOW2401_Storyboards_40 - Geoweaver Favicon.ai\nvlc-3.0.20-arm64.dmg\nAcademic Transcript-2nd[91].pdf\none health paper.docx\nShift coverage-form (3).pdf\n~$16.1CV.docx\nPM2.5combined (1).csv\nP2_Paturi_G01459587\npaper 1.pdf\nTHE-INNOVATION-D-24-00099_R1.pdf\ns96wh3yf2f3ue7jyx1v9.zip\nrepository-open-graph-template.png\nExtra Credit G01459609 2.zip\n000 6300.png\nGEOW2401_Storyboards_14 - Geoweaver Logo Dark on White (2).ai\n~$747_Assignment2_submission_template.docx\n082869ef-9e4a-4ffe-8258-686e63583f69.pkpass\ndownload.zip\nmerged_influenza_data_2022.csv\nvhalgars_Hw13.zip\nyashwant\njpaturi_Assignment2_report.docx\nperceptron_submission_CIFAR.csv\nJan bill.jpg\nGeoweaver (1).dmg\nViewPDF-5.pdf\nwifi bill paid by my roommate sruthi.pdf\nGEOW2401_Storyboards_06 - Remote Work - Data Sharing.ai\nData-2\nUntitled\nsigned_packet_file_lease_document_17388530_1726677704.pdf\nSWE 642 ExtraCredit Report.docx\nViewPDF-4.pdf\nProject Proposal_Jyoshmitha_G01459587.pdf\nHW2 - SWE 632 (1).pdf\noverLay.pdf\nMP4_classification.ipynb\nHospital bills.pdf\nOperational Monitoring of Snow Water Equivalent in the Western U.S. Using Machine Learning and Remote Sensing-page-001.jpg\narchive.zip\nfinal_merged_with_region_zone.csv\njpaturi_MP5_code\n54458923_20240711065049-2.pdf\nstudent_dashboard.html\nCS747-assignment1 2\nLecture 5.pptx\nreadme (S3 bucket).txt\nJyoshmithareddypaturi_642HW2.zip\n54458922_20240711065048-2.pdf\nJyosh resumeGW.docx\nimage (12).png\nWhatsApp Image 2024-04-04 at 16.27.12.jpeg\nCS747_assignment5_template.docx\nCS747_Assignment 5\nScreen Recording 2024-03-16 at 11.19.55 PM.gif\nRealizing Practical Earth AI.pptx\nCS747_Assignment2_part1.ipynb - Colab.pdf\ntl_2021_us_county\ngeoweaver_for_health_v2.pdf\nGEOW2401_Storyboards_28 - Research Institutions Landscape.ai\ngithub-recovery-codes.txt\nScreen Recording 2024-04-20 at 4.45.46 PM (1).mov\nW4NR-2.pdf\nPresentation 4.pdf\nJyoshmitha_G01459587_642HW1.zip\nCS583-M8-ASSIGNMENT8-JYOSHMITHA REDDY PATURU.pdf\nLung_Disease_prediction.ipynb\nqueries.sql\nRequest for Permission for Missing my Mobile Immersive Computing(CS692) First Class of Spring 2025..pdf\n50838716.pdf\nUntitled (1280 x 640 px).pdf\nHealth data\nreadme copy.txt\n~$ 550 Syllabus.docx\n54458923_20240711065049.pdf\nChatbot_for_healthcare_system_using_Arti.pdf\nScreen Recording 2024-04-20 at 10.46.39 AM.mov\npdf folder\nLecture 4.pptx\nGEOW2401_Storyboards_38 - Geoweaver Logo Black.ai\ngr3yir8dynuvvrwp39ox (1).zip\n~$17.3CV.docx\nmerged_mortality_aqi_data.csv\nShift coverage-form3.pdf\nCS583-M12-ASSIGNMENT12-JYOSHMI.pdf\nPAYMENT_RECEIPT_1637379423.pdf\njpaturi_mp4_code\ndbswitch9.mp3\nP1_PATURI_G01459587 (1).zip\nJres.pdf\nML AGU.xlsx\nOracleDB\nScreen Recording 2024-05-17 at 11.24.30 PM.mov\n~$Realizing Practical Earth AI.pptx\nUntitled design.pdf\nNetworking1.zip\nXGBoost - Jupyter Notebook.pdf\ndbswitch8.mp3\npart2data.txt\ndata-table.csv\n~$CVJ.docx\nCS_747_Final_Report.pdf\nShift coverage-form (2).pdf\ngeoweaver_for_health_v1 (1).docx\nPAYMENT_RECEIPT_1629631184.pdf\nP2_Paturi_G01459587.zip\nUntitled design-3-page-001.jpg\nNSF Final.pdf\nProject1 2.zip\nScreenshot 2024-11-28 at 10.32.42 PM.png\nWhatsApp Image 2024-12-06 at 20.05.43 (1).jpeg\nP4_Sivasamy_G01453460 3\nHW3.docx\ndecision_tree.joblib\nFW: 2024 ESIP Collaboration of the Year Nomination Form .pdf\nVISA-JYOSHMITHA.pdf\nWhatsApp Image 2024-09-23 at 15.53.40.jpeg\nGP-page-001.jpg\n69612586.pdf\nUntitled design.jpg\nCS747-assignment1.zip\nOzonecombined.csv\nFlashBack.pdf\nSun_Anping_Huang_2024ASSIP_Poster.pptx\ncommands for ec2 connection.txt\nJyoshmitha_G01459587_642HW1 (1).zip\naccountSummaryOverview (2).pdf\nScreen Recording 2024-04-20 at 10.22.40 AM.mov\nanyconnect-macos-4.10.07073-core-vpn-webdeploy-k9.dmg\ndisease-prediction.zip\nMortPM2.5.csv\nCamScanner 07-26-2023 01.01.05.pdf\nPredictions.ipynb\nprocesspart10.mp3\nLecture 8.pptx\njpaturi_hw9.zip\nViewPDF-3.pdf\nGeoweaver new banner.png\nProject Proposal.pdf\n37937313.pdf\nvhalgars_homework13.mp4\nUpdated poster.zip\ndaily_aqi_by_county_2023.csv\nimage.png\nspectral_normalization.py\nimage (6).png\nP4_Sivasamy_G01453460 2\n4130_learning_input_agnostic_manipu.pdf\ndaily_aqi_by_county_2022.csv\nCS480_580_final_exam_topics (3).rtf\nSai Nikhil Raga Software Development Engineer Resume.pdf\nJyoshmitha Reddy P_Software Engineer I_20250118.docx\nJob Explore.xlsx\nViewPDF-2.pdf\ns10596-024-10317-7.pdf\nScreenshot 2024-11-06 at 1.01.17 PM.png\nMortOzone.csv\nUntitled (1280 x 640 px).png\nTreatment bill.jpeg\nNetworking1\nOzonecombined (1).csv\npexels-eberhard-grossgasteiger-572897.jpg\nCS583-M7-ASSIGNMENT7-JYOSHMITHA REDDY PATURU.pdf\nworkflowoptionspart8.mp3\nGeoDa1.22.0.4-Installer.dmg\nAndroid5.zip\nOracleDB.zip\nCS 550 Syllabus.docx\n17.3CV.docx\nintro_to_swe_workflow_geoweaver.ipynb\nIHME_USA_COUNTY_RESP_DISEASE_MORTALITY_1980_2014_NATIONAL_Y2017M09D26.XLSX\nOperational Monitoring of Snow Water Equivalent in the Western U.S. Using Machine Learning and Remote Sensing (6).png\ncreate-your-own_64635515.zip\nannual_aqi_5_years_average.csv\nDALL·E 2024-08-30 09.18.50 - A professional and visually engaging scientific poster on 'Operational Monitoring of Snow Water Equivalent (SWE) in the Western U.S. Using Machine Lea.webp\n",
  "history_begin_time" : 1740626422486,
  "history_end_time" : 1740626423046,
  "history_notes" : null,
  "history_process" : "f4pq53",
  "host_id" : null,
  "indicator" : "Done"
},{
  "history_id" : "SSd21Rxa6338",
  "history_input" : "import os\n\ndownloads_folder = os.path.expanduser('~/Downloads')\nfiles = os.listdir(downloads_folder)\n\nprint(\"Files in Downloads:\", files)\n",
  "history_output" : "Files in Downloads: ['UnitedStatesPM25-V6GL01-Annual-REGIONAL-2000-2019-wThresFrac.csv', 'ResumeFinal[74].pdf', 'StateDatabyWeekforMap_2022-23week40-39.csv', 'workflowoptionspart11.mp3', 'Academic Transcript fall24.pdf', 'environmentpart2.mp3', 'P1_PATURI_G01459587', 'my_solution-3.csv', 'GEOW2402_Geoweaver Weather Forecasting Demo_Final.mp4', 'ep1.pdf', 'accountSummaryOverview (1).pdf', 'Screen Recording 2024-04-20 at 4.45.46\\u202fPM.mov', 'merged_mortality_aqi_influenza_data.csv', 'Project_Component2.sql', 'UtilityBillingStatement_t0050227_012024.pdf', 'PM2.5combined.csv', 'Jyoshmithareddypaturi_642HW2', 'jpaturi_resume_gmu.pdf20230903-1-ushuzb20230903-1-3ikihm.pdf', 'shruthi VR.zip', 'tl_2021_us_county.zip', 'professor_dashboard.html', '54458922_20240711065048.pdf', 'NSF Final.zip', 'dbswitch6.mp3', 'final_merged_aqi_cancer_data-2.csv', '54734387.pdf', 'Virginia - Form VA-4.pdf', 'Geoweaver Banner.png', '000 3.png', 'gwdemo-part4.wav', 'CS747_Assigment5', 'Final.png', 'Lecture 10.pptx', 'Lung Cancer data.zip', 'image (5).png', 'lease doc.pdf', 'gwdemo-part5.wav', 'RangiTaranga (2015) Kannada 700MB @Links2U.mkv', 'CHAITANYA_VARMA_SANABOINA_CV.docx', '000 2.png', 'dbswitch7.mp3', 'W8BENIC16-4.pdf', 'jpaturi_hw4.zip', 'Untitled (1280 x 640 px).zip', 'jpaturi_Assignment2_code', 'GFP.zip', 'processpart5 (1).mp3', '3145-Article Text-13323-1-10-20240430.pdf', 'workflowoptionspart4.mp3', 'Paper Summary1_CS692.pdf', '202510.19861 CS-692-003 (Spring 2025): Cancelation of the first lecture on Friday.pdf', 'Assignment 1 CS 747 template copy.docx', 'marvel.pdf', 'CS583-M9-ASSIGNMENT9-JYOSHMI.textClipping', 'MP5-Creating DQN Agent_Breakout-v5 (1).ipynb', 'my_solution-2.csv', 'accountSummaryOverview.pdf', 'Participation Activity 9_Paturi_G01459587.zip', 'environmentpart3.mp3', 'workflowoptionspart10.mp3', 'geoweaver_for_health_v2 (1).pdf', 'Operational Monitoring of Snow Water Equivalent in the Western U.S. Using Machine Learning and Remote Sensing (5).png', 'WhatsApp Image 2024-12-06 at 20.05.43.jpeg', 'Sign_the_Lease_Agreement.pdf', 'Screen Recording 2024-04-24 at 1.11.41\\u202fAM.mov', 'CamScanner 07-26-2023 01.01.05 2.pdf', '203581812.zip', 'environmentpart1.mp3', 'airqualitytrendsbycity2000-2023.xlsx', 'Screenshot 2024-09-09 at 11.11.57\\u202fPM.png', 'Disease-Prediction-from-Symptoms-checkpoint.ipynb', 'CS480_580_final_exam_topics(1).rtf', 'ESIP_1212025.pptx', 'image (10).png', 'geoweaver_poster_esdswg_2023 (1).pptx', 'gr3yir8dynuvvrwp39ox (2).zip', 'P1_PATURI_G01459587.zip', 'Homework Assignment II (2).docx', 'CS747_Assignment3-3', 'dbswitch5.mp3', 'JYOSHMITHA REDDY PATURI ML copy.docx', 'motivation 03.ipynb', 'download-2', 'fnafis2_hw9.mkv', 'image (9).png', 'stylegan_ffhq1024.pth.download', 'dbswitch4.mp3', 'SWE 642 ExtraCredit Report.pdf', '000.png', 'MetaVersePaper.pdf', 'Cursor Mac Installer (250207y6nbaw5qc).zip', 'WhatsApp Image 2024-04-04 at 16.27.07 (1).jpeg', 'County_COPD_prevalence.csv', 'MP4_generation_PART2.ipynb', 'P1_Sivasamy_G01453460.zip', 'motivation draft 2.ipynb', 'apache-tomcat-10.0.23', 'Lung Cancer data', 'Shift coverage-form (1).pdf', 'InstallLDBPackage64c-2-1-2-08 (1).zip', 'STOCKS RADHIKA.xlsx', 'ozone_data.csv.numbers', 'P4_Matta_G01413120.zip', 'overview prev.ipynb', 'P4_Paturi_G01459587.zip', 'final_merged_aqi_cancer_airquality.csv', 'CS747_Assignment2', 'Participation activity 2', 'MultiActivity.zip', 'my_solution-5.csv', 'environmentpart4.mp3', 'jpaturi_Assignment2_code.zip', 'Operational Monitoring of Snow Water Equivalent in the Western U.S. Using Machine Learning and Remote Sensing (8).png', 'Homework Assignment 1 550.docx', 'affinity-designer-2.5.5.dmg', 'giphy.mp4', '222283341109.JPEG', 'workflowoptionpart5-mod.mp3', 'radon_merged_data.csv', 'part2.ipynb', '54458924_20240711065051-2.pdf', 'PAYMENT_RECEIPT_1632924906.pdf', 'workflowoptionspart3.mp3', 'index.html', 'W8BENIC16-3.pdf', 'accountSummaryOverview-2.pdf', 'PAYMENT_RECEIPT_1620130307.pdf', 'Screen Recording 2024-05-17 at 11.20.49\\u202fPM.mov', '.DS_Store', 'image (8).png', '000 5.png', 'macbook purchased on dec 3rd, 2023.pdf', 'readme (ec2) .txt', '642HW1Jyosh.ppk', 'gwdemo-part2.wav', 'config.py', 'gwdemo-part3.wav', '642 HW1.pdf', 'SleepyHollow_Impl.sql', 'Vue.js.pdf', 'gat_training_data_sampled.pt', 'Homework Assignment II.docx', '000 4.png', 'Gateways2023_paper_21.pdf', 'swe642Assignment3', 'P2_Sivasamy_G01453460.zip', 'CS583-M4-ASSIGNMENT4-JYOSHMITHA REDDY PATURU.pdf', 'WhatsApp Image 2024-04-04 at 16.27.07.jpeg', 'dbswitch1.mp3', 'accountSummaryOverview-3.pdf', 'CS583-M11-ASSIGNMENT11-JYOSHMI.pdf', 'W8BENIC16-2.pdf', 'data_222235.csv', 'jpaturi_Assignment3.zip', 'GEOW2401_Storyboards_15 - UI Sequence - Intro.ai', 'workflowoptionspart2.mp3', 'jpaturi_hw4', 'Lecture 6.pptx', 'New project.zip', 'one health paper (1).docx', 'Using Geoweaver in OpenOnDemand Desktop.docx', '~$3909_Bills.xlsx', 'image (11).png', 'part 3.pdf', 'Assignment 1 CS 747 template copy.pdf', 'Gmu Id Card.pdf', 'Measurement_Guideline.pdf', 'cleaned_dataset.csv', 'my_solution-4.csv', '~$my_summer_intern_final_v2.xlsx', 'merged_influenza_aqi_data_2022.csv', 'SWE.pptx', 'P4_Matta_G01413120', 'Operational Monitoring of Snow Water Equivalent in the Western U.S. Using Machine Learning and Remote Sensing (4).png', 'WhatsApp Image 2024-12-06 at 20.05.42.jpeg', 'models.py', 'MP3_P3- Jupyter Notebook.pdf', 'my_solution-6.csv', 'Jyosh resumeGW.pdf', 'Geoweaver1.mov', 'Jake_s_Resume.pdf', 'CS747_Assignment4_template.docx', 'archive', '642', 'CS747_DL_Assignment-1.ipynb', '642 midterm', 'Screenshot 2025-02-12 at 5.09.47\\u202fPM.png', 'CS747_Assignment4', 'CamScan_23-02-2024_14-40-35.pdf', 'dbswitch3.mp3', 'merged_data.csv', 'AGU Poster wildfire.pdf', 'Availability_Form_J1.pdf', 'VikasHalgarSeetharam_Resume.pdf', 'CS480_580_final_exam_topics (1).rtf', 'Bank statement with salary .pdf', '000 6.png', 'Jyoshmitha Resume.pdf', 'gwdemo-part1.wav', 's96wh3yf2f3ue7jyx1v9', 'image (4).png', 'memory.py', 'jpaturi_mp3_code.zip', 'Homework Assignment 1_Solution.docx', 'AI Ready Data for Air Pollution, Lung Cancer, and Mortality in the United States.docx', 'dbswitch2.mp3', 'Final Exam Discussion_001 (1).pptx', 'Geoweaver poster 2024.png', 'Updated poster (1).zip', 'workflowoptionspart1.mp3', 'Renters Insurance Binder.pdf', 'download-2.zip', 'WhatsApp Image 2024-10-27 at 18.55.46.jpeg', 'Measurement_Guideline (2).pdf', '.localized', 'w8benic16.pdf', 'Jobscan Cover Letter Package.docx', '189334029.zip', '~$IHME_USA_COUNTY_RESP_DISEASE_MORTALITY_1980_2014_NATIONAL_Y2017M09D26.XLSX', 'Jyosh Resume 10-23-24.docx', 'Untitled2 (1).ipynb', 'my_solution-7.csv', 'Poster Geoweaver 2024.png', 'P4_Paturi_G01459587 2', '54458925_20240711065052-2.pdf', 'Geoweaver.dmg', 'weatherpart6.mp3', 'lung_disease_data (1).csv', 'CS747-assignment1', 'table_export.csv', 'kaggle_rnn_submission.csv', 'Untitled.ipynb', 'CS747_Assignment5.zip', 'annual_aqi_by_county_2021.csv', 'overview.ipynb', 'processpart5.mp3', 'swe_predicted_2024-09-13.tif', 'Screen Recording 2025-02-06 at 12.02.25 PM.mov', 'swe_predicted_2024-09-07.tif', 'httpscreate.piktochart.comteams31783171dashboard.pdf', 'Lecture 1.pptx', 'workflowpart5.mp3', 'new.zip', 'GP.pdf', 'Project Component 3.docx', 'Structured and engaging work framework for the Geoweaver intern students.docx', 'ThanmayiRajendra_Resume.pdf', 'macdownloadpart6.mp3', 'Visa.pdf', 'dbswitch14.mp3', 'my_solution.csv', 'Project Proposal Template.docx', 'dbswitch15.mp3', 'dockergeoweaver1.mp3', 'macdownloadpart7.mp3', 'cleaned_air_radon_cancer_data.csv', 'house rent.pdf', 'part1.mp3', 'P2_Paturi_G01459587 2', 'workflowpart4.mp3', '~$747_assignment5_template.docx', 'validation.ipynb', 'sql.pdf', 'shruthi VR', '642.zip', 'HW2 - SWE 632.pdf', 'part1 (1).ipynb', 'snotel_ghcnd_stations_4yrs_all_cols_log10.csv', 'github.pdf', 'OperaGXSetup.zip', 'jcv4.pdf', 'Gateways2023_paper_21 (1).pdf', 'Shift coverage-form (7).pdf', 'processpart4.mp3', 'CAIG.ipynb', 'CS747_Assignment4.zip', 'GMU_CS_551_Week1_Setup.pptx', 'annual_aqi_by_county_2020.csv', 'Wait List Form.pdf', 'geoweaver_poster_esdswg_2023.pptx', 'NSF figure.pdf', 'weatherpart7.mp3', 'mark sheets.pdf', '366674374-fe3538f8-1616-45a0-91c2-a745d474478e.png', 'weatherpart5.mp3', 'Shift coverage-form (11).pdf', 'Extra Credit G01459609 2', 'insertions.sql', 'DALL·E 2024-09-06 01.04.22 - A visually engaging figure summarizing an NSF project integrating AI with snow water equivalent (SWE) forecasting. The figure should have an appealing.webp', 'Participation activity', 'jpaturi_MP4_generation_PART2_output.pdf', 'processpart6.mp3', 'final data.zip', 'SUMMARY-3.pdf', 'lung_disease_data.csv', 'GEOW2401_Storyboards_21 - UI Sequence - Trial and Error (1).ai', 'monthly_aqi_by_state_2022.csv', 'datasets inventory.xlsx', 'Project1', 'workflowoptionpart6.mp3', 'Android5', 'workflowpart6.mp3', 'ViewPDF.pdf', 'Screenshot 2024-05-27 at 6.11.07\\u202fPM.png', 'part3.mp3', 'macdownloadpart5.mp3', 'Geoweaver Poster new.pdf', 'create-your-own_64635515 (1).zip', 'dockergeoweaver3.mp3', 'dbswitch17.mp3', 'WhatsApp Image 2024-04-04 at 16.27.07 (2).jpeg', 'P3_Sivasamy_G01453460.zip', 'image (3).png', 'geoweaver (1).jar', 'swe642Assignment3.zip', 'dbswitch16.mp3', 'dockergeoweaver2.mp3', 'JGW.pdf', 'macdownloadpart4.mp3', 'CS583-M1-ASSIGNMENT1-JYOSHMITHA REDDY PATURU.pdf', 'P2_Paturi_G01459587 (1).zip', 'part2.mp3', 'disease-prediction-model-workflow-main.zip', 'workflowpart7.mp3', 'jpaturi_mp4_code.zip', 'Final Exam Discussion_001.pptx', 'jpaturi_MP5_code.zip', 'workflowoptionpart7.mp3', 'JYOSHMITHA REDDY PATURI RESUME.pdf', 'I94 - JYOSHMITHA.pdf', 'netbeans-21-bin.zip', 'SUMMARY-2.pdf', 'processpart7.mp3', 'Offer - Jyoshmitha Reddy Paturi.pdf', 'Gateway ppt.pptx', 'Homework Assignment II (1).docx', 'CS747_homework2.zip', 'Operational Monitoring of Snow Water Equivalent in the Western U.S. Using Machine Learning and Remote Sensing (3).png', 'weatherpart4.mp3', 'Operational Monitoring of Snow Water Equivalent in the Western U.S. Using Machine Learning and Remote Sensing (2).png', 'final_merged_aqi_cancer_data.csv', 'CS747_Assignment3.zip', 'jpaturi_Assignment3', 'DALL·E 2024-09-06 00.20.29 - A visually engaging rectangular figure summarizing an NSF project integrating AI with snow water equivalent (SWE) forecasting. The figure should have .webp', 'CHAITANYA VARMA SANABOINA_Resume_PM.docx', '_tmp__lease_documents_20240918122930.pdf', 'processpart3.mp3', 'SUMMARY-6.pdf', 'GEOW2401_Storyboards_26 - UI Sequence - Sharing Across Globe.ai', 'mayank-baranwal-QUpQfo-eqjI-unsplash.jpg', 'part10.mp3', 'passport.pdf', 'VirusViewByWeek.csv', 'cv2.pdf', 'part6.mp3', '[It Ends With Us 1] Colleen Hoover - It Ends with Us (2016, Atria Books) - libgen.li.epub', 'PAYMENT_RECEIPT_1625957363.pdf', 'CS583-M5-ASSIGNMENT5-JYOSHMITHA REDDY PATURU.pdf', 'workflowpart3.mp3', 'Operational Monitoring of Snow Water Equivalent in the Western U.S. Using Machine Learning and Remote Sensing.zip', 'dbswitch12.mp3', 'dockergeoweaver6.mp3', '50840994.pdf', 'CS747-assignment1 3.zip', 'image (2).png', 'part1.ipynb', 'CS747-assignment1 2.zip', 'macdownloadpart1.mp3', 'dockergeoweaver7.mp3', 'dbswitch13.mp3', 'Screen Recording 2025-02-24 at 11.07.43\\u202fAM.mov', 'workflowpart2.mp3', 'overview 01.ipynb', 'Credit card bill.PNG', 'part7.mp3', 'gr3yir8dynuvvrwp39ox (1)', 'cv3.pdf', 'Untitled2.ipynb', 'Sun_Irene_Kim_2023ASSIP_Poster.pptx (2).pdf', 'Geoweaver.MOV', '00README_catalogue_and_licence.txt', 'MP4_generation.ipynb', 'SUMMARY-7.pdf', 'JYOSHMITHA REDDY PATURI ML.pdf', 'create-your-own_64627352.zip', 'PLAN OF WORK JYOSHMITHA TEAM.docx', 'processpart2.mp3', 'Shift coverage-form (10).pdf', 'gr3yir8dynuvvrwp39ox', 'gat_training_data.pt', 'weatherpart1.mp3', 'P1_PATURI_G01459587 2', 'weatherpart3.mp3', 'Predictions-2.ipynb', 'kk60jzeqxdesff3u7b41', 'annual_aqi_by_county_2018.csv', 'radon_zones-spreadsheet.xls', 'Untitled design-2.pdf', 'Shift coverage-form (6).pdf', 'SUMMARY-5.pdf', 'SQLDeveloper.app', 'Final Grades 1.pdf', 'GEOWEAVER POSTER 2024 .png', 'Data-2.zip', 'data-table-3.csv', 'merged_cancer_airquality_data.csv', 'P4_Paturi_G01459587', 'Screen Recording 2024-04-20 at 4.42.20\\u202fPM (1).mov', 'GEOW2401_Storyboards_35 - Geoweaver Logo on Binary Stars Background.ai', 'submission_189334029.pdf', 'part5.mp3', 'Virginia - Form VA-4 (1).pdf', 'Lecture 4 (1).pptx', 'dbswitch11.mp3', 'dockergeoweaver5.mp3', 'repository-open-graph-template (1).png', '54458925_20240711065052.pdf', '3117811.3117815.pdf', 'Operational Monitoring of Snow Water Equivalent in the Western U.S. Using Machine Learning and Remote Sensing-page-001 (1).jpg', 'macdownloadpart3.mp3', 'Screenshot 2024-12-03 at 12.26.23\\u202fAM.png', 'conclusion.ipynb', 'Overview 03.ipynb', 'CS 550 Syllabus (1).docx', 'Homework1_CS_747_Fall_2024_Deep_Learning-2.pdf', 'NSF Final-page-001.jpg', 'gr3yir8dynuvvrwp39ox (2)', 'macdownloadpart2.mp3', 'Captura de pantalla 2024-07-17 a la(s) 5.09.29\\u202fp.m..png', 'EL JYOSHMITHA REDDY.pdf', 'dockergeoweaver4.mp3', 'dbswitch10.mp3', 'Nehaa_Insurance.pdf', '2506_stylemorph_disentangled_3d_awa.pdf', 'workflowpart1.mp3', 'cleaned_aggregated_data (1).csv', 'OpTransactionHistory25-01-2025.pdf', 'w4nr.pdf', 'IncidOzone2018.csv', 'video1231717176.MP4', 'data-table-2.csv', 'motivation.ipynb', 'jcv1.pdf', 'VideoConferencingInTheWildPaper.pdf', 'processpart1.mp3', 'Quantum_poster20240828.pdf', 'Untitled design-3.pdf', 'SUMMARY-4.pdf', 'annual_aqi_by_county_2019.csv', 'MP5-Creating DQN Agent_Breakout-v5.ipynb', 'weatherpart2.mp3', 'Data_Set_Final_LTD_Slope_Intercept.xlsx', 'P4_Paturi_G01459587 (2).zip', 'Shift coverage-form.pdf', 'Welcome Letter.pdf', 'JYOSHMITHA REDDY PATURI ML.docx', '38689983.pdf', 'MP3_P1 part 3 .pdf', 'Homework Assignment 3.docx', 'HW4.docx', 'Shift coverage-form (5).pdf', 'dockergeoweaver10.mp3', 'Screenshot 2024-11-28 at 10.32.58\\u202fPM.png', 'model.py', 'model (1).py', 'jpaturi_assignment11', 's96wh3yf2f3ue7jyx1v9 (1).zip', 'jpaturi_MP4_classification_output.pdf', 'cleaned_aggregated_data.csv', 'Assignment 1 CS 747 template.docx', 'Geoweaver poster 2024 (1).png', 'part9.mp3', 'normalized_data.csv', 'dockergeoweaver9.mp3', 'training data to GNN format - Jupyter Notebook.pdf', 'StateDatabyWeekforMap_2021-22week40-39.csv', 'Health (2).pptx', 'CS583-M10-Assignment10-RithikTheddu.pdf', 'CS583-M2-ASSIGNMENT2-JYOSHMITHA REDDY PATURU.pdf', 'GEOW2401_Storyboards_14 - Geoweaver Logo Dark on White.ai', 'Jyoshmitha_G01459587_642HW1', 'dockergeoweaver8.mp3', 'i20 document George mason university (1).pdf', 'jpaturi_mp3_code', 'training data to GNN format .ipynb', 'Project Component 1.docx', 'part8.mp3', 'pexels-krivec-ales-547115.jpg', 'Lecture 3.pptx', 'Health data.zip', 'PJyoshmithaReddy1Resume.pdf', 'CVJ.pdf', 'Docker.dmg', 'pm25_data.csv', 'jpaturi_Assignment5_report.pdf', 'motivation draft.ipynb', 'Jyoshmithareddypaturi_642HW2 2', 'Lecture 6 (2).pptx', 'Operational Monitoring of Snow Water Equivalent in the Western U.S. Using Machine Learning and Remote Sensing.pdf', 'Untitled (1).png', 'dockergeoweaver11.mp3', '217301372.zip', '54458924_20240711065051.pdf', 'my_summer_intern_final_v2.xlsx', 'P4_Paturi_G01459587 (1).zip', 'Operational Monitoring of Snow Water Equivalent in the Western U.S. Using Machine Learning and Remote Sensing (1).png', 'Sun_Irene_Kim_2023ASSIP_Poster.pptx.pdf', 'Slack-4.36.140-macOS.dmg', 'CS583-M9-ASSIGNMENT9-JYOSHMITHA REDDY PATURU.pdf', 'ChatGPT_Desktop_public_latest.dmg', 'annual_aqi_by_county_2017.csv', 'invoice-04351-3860503.pdf', 'Shift coverage-form (9).pdf', 'uw-data-science-seminar-ziheng-sun.ics', 'Untitled2 (2).ipynb', 'Operational Monitoring of Snow Water Equivalent in the Western U.S. Using Machine Learning and Remote Sensing.png', 'Wait List Form.doc', '[Twisted 02] Ana Huang - Twisted Games (2021) - libgen.li.epub', 'jpaturi_MP5_output.pdf', 'training data to GNN format', 'cs747', 'Geoweaver-3.dmg', 'image (1).png', 'MP3_P1.ipynb', 's10653-023-01820-4.pdf', 'CS583-M1-ASSIGNMENT1-JYOSHMITHA REDDY PATURU (1).pdf', 'CS480_580_final_exam_topics.rtf', 'Screen Recording 2024-04-20 at 4.42.20\\u202fPM.mov', 'SWE.pptx.pdf', 'Geoweaver-2.dmg', 'MP5-Creating DQN Agent_Breakout-v5-mountaincar-Copy2 (1).ipynb', '67088922.pdf', 'IncidPM2.52018.csv', 'Sun_Irene_Kim_2023ASSIP_Poster.pptx (1).pdf', 'SSN.pdf', 'Midterm.pptx', 'P3_Paturi_G01459587', 'utils.py', 'jpaturi_MP4_generation_output.pdf', 'dockergeoweaver12.mp3', 'download', 'weatherpart9.mp3', 'MP5-Creating DQN Agent_Breakout-v5 (2).ipynb', 'Lung Cancer data 3.zip', '~$osh Resume 10-23-24.docx', '671ecbedc023579e10da5eb5a8a7837e.pdf', 'training data to GNN format.zip', 'disease-prediction-model-workflow-main', 'Hw10.mkv', 'passport-JYOSHMITHA.pdf', '6cvdocx.docx', 'Participation activity.zip', '~$747_Assignment4_template.docx', 'CS583-M10-ASSIGNMENT10-JYOSHMITHA REDDY PATURU.pdf', 'Untitled (1280 x 640 px) (1).pdf', 'SWE.ipynb', 'MultiActivity', 'hostpart2.mp3', 'Daily_Census_Tract-Level_Ozone_Concentrations__2011-2015.csv', '50840989.pdf', 'Thanmayi_642_2', 'macdownloadpart9.mp3', 'geoweaver_for_health_v1 (2).docx', 'CHAITANYA VARMA SANABOINA_Resume.docx', 'incd.csv', 'stylemc-main.zip', 'Offer - Jyoshmitha Reddy Paturi-2.pdf', 'jpaturi_mp3_part2(1)_output.pdf', 'data-table (1).csv', '~$oweaver_for_health_v1.docx', 'macdownloadpart8.mp3', 'install 2.pdf', '53131052.pdf', 'hostpart3.mp3', 'anyconnect-macos-4.10.07073-core-vpn-webdeploy-k9.zip', 'android-studio-2023.2.1.24-mac_arm.dmg', 'ResumeFinal.pdf', 'Shift coverage-form (8).pdf', 'Design Overview.pdf', 'I-20_Paturi_psw.pdf', '~$STOCKS RADHIKA.xlsx', 'jpaturi_HW13.zip', 'GP.zip', 'lec13.pptx', 'geoweaver_for_health_v1.docx', 'Lung Cancer data 2.zip', 'new', 'agent.py', 'Copy of data_cleaned_final(1).csv', 'weatherpart8.mp3', 'train.py', 'CVJ.docx', 'testing&Evaluation.ipynb', 'processpart9.mp3', '~$HW3.docx', 'cv5j.pdf', 'Screenshot 2024-06-09 at 7.00.32\\u202fPM.png', 'Operational_Fire_Resilience Template Slide for Sessions JAN25.pptx', 'gr3yir8dynuvvrwp39ox.zip', 'jpaturi_assignment13.mp4', 'Install Cursor.app', 'Operational_Fire_Resilience Template Slide for Sessions JAN25-2.pptx', 'kaggle_rnn_submission (1).csv', 'Lecture 2.pptx', 'stylemc-main', 'workflowoptionpart9.mp3', '~$5.1CV.docx', 'swe_predicted_2022-10-11.tif', 'CS583-M6-ASSIGNMENT6-JYOSHMITHA REDDY PATURU.pdf', 'Warp.dmg', 'Vue.js.pptx', 'Captura de pantalla 2024-07-17 a la(s) 5.09.19\\u202fp.m..png', 'JYOSHMITHA_RESUME (1).pdf', 'Jyoshmitha_G01459587_642HW1 2', 'hostpart1.mp3', 'workflowpart9.mp3', 'dbswitch18.mp3', 'GEOW2401_Storyboards_21 - UI Sequence - Trial and Error.ai', 'Final Poster.png', 'HW4-SWE632.pdf', 'Motivation prev.ipynb', 'jpaturi_HW10', '[Template] PLAN OF WORK INDIVIDUAL.docx', 'Geoweaver-4.dmg', 'dbswitch19.mp3', 'Air_Quality_Measures_on_the_National_Environmental_Health_Tracking_Network.csv', 'disease-prediction', 'SWE - Jupyter Notebook.pdf', 'DALL·E 2024-10-30 19.43.52 - A social media preview image for the Geoweaver project. Include a clean, modern design with a white or light blue background, the Geoweaver logo promi.webp', 'workflowpart8.mp3', 'P3_Paturi_G01459587.zip', 'Academic Transcript-2nd.pdf', '217301372', 'water_payment.pdf', 'New project-page-001 2.jpg', 'netbeans', 'Shift coverage-form (4).pdf', 'jpaturi_HW10.zip', 'processpart8.mp3', 'dockeraudio.mp3', 'macdownloadpart5mod.mp3', 'Lecture  7.pptx', '692_Jyoshmitha_G01459587.pdf', 'Android Networking Configuration.pptx', 'Jyoshmitha Reddy P_Software Engineer I_20250118.pdf', 'readme.txt', 'gateways geoweaver paper 2024.docx', 'Operational Monitoring of Snow Water Equivalent in the Western U.S. Using Machine Learning and Remote Sensing (7).png', 'ec2 setup commands.rtf', '642(2) midterm', '68028009.pdf', 'feature_engineering_notebook.py', 'Project Component 1 Rubric.docx', 'New project-page-001.jpg', 'ideate-model.pdf', 'losses.py', '~$teways2023_paper_21.docx', '.ipynb_checkpoints', 'New project.pdf', 'VisionProPaper.pdf', 'Health (1).pptx', 'Jyoshmitha_G01459587.pdf', 'GEOW2401_Storyboards_14 - Geoweaver Logo Dark on White (1).ai', 'Thanmayi_642_2.zip', 'My copy Geoweaver Guide Video Transcripts.docx', 'Paper Summary1_CS692.docx', 'Paper Summary2_CS692.pdf', 'weatherpart7 (1).mp3', 'CS480_580_final_exam_topics (2).rtf', 'ViewPDF-6.pdf', 'Untitled.png', 'image (7).png', 'GEOW2401_Storyboards_18 - UI Sequence - Time and Money.ai', 'Lecture 6 (1).pptx', 'Will Machine Learning AI Make Human Translators An Endangered Species?.jpg', 'CS583-M3-ASSIGNMENT3-JYOSHMITHA REDDY PATURU.pdf', 'Bill on the name of Harini who is our primary appllicant.pdf', 'MP3_P1 - Jupyter Notebook.pdf', 'final_merged_aqi_cancer_airquality-2.csv', 'Lecture 9.pptx', 'Abstract.ipynb', 'qgis-macos-pr.dmg', 'MentorLastName_FirstName_LastName_2023ASSIP_Poster.pptx', 'PAYMENT_RECEIPT_1622945183.pdf', 'jpaturi_mp3_code 2', 'SUMMARY.pdf', 'Google Fi-2023-08-10.pdf', 'IMG_7773.jpg', 'SWE632- HW3.pdf', 'database.jsp', 'geoweaver.jar', 'Screenshot 2024-06-03 at 8.23.25\\u202fPM.png', 'Project1.zip', 'Vamsi Seemakurthi_Resume.pdf', 'Virginia - Form VA-4-2.pdf', 'GEOW2401_Storyboards_22 - UI Sequence - Visualizing Results.ai', 'XGBoost.ipynb', 'Geoweaver board.pdf', 'Paturi_Wage Letter_.pdf', 'model_training.ipynb', 'W4NR-3.pdf', 'Gateways2023_paper_21.docx', 'GEOW2401_Storyboards_40 - Geoweaver Favicon.ai', 'vlc-3.0.20-arm64.dmg', 'Academic Transcript-2nd[91].pdf', 'one health paper.docx', 'Shift coverage-form (3).pdf', '~$16.1CV.docx', 'PM2.5combined (1).csv', 'P2_Paturi_G01459587', 'paper 1.pdf', 'THE-INNOVATION-D-24-00099_R1.pdf', 's96wh3yf2f3ue7jyx1v9.zip', 'repository-open-graph-template.png', 'Extra Credit G01459609 2.zip', '000 6300.png', 'GEOW2401_Storyboards_14 - Geoweaver Logo Dark on White (2).ai', '~$747_Assignment2_submission_template.docx', '082869ef-9e4a-4ffe-8258-686e63583f69.pkpass', 'download.zip', 'merged_influenza_data_2022.csv', 'vhalgars_Hw13.zip', 'yashwant', 'jpaturi_Assignment2_report.docx', 'perceptron_submission_CIFAR.csv', 'Jan bill.jpg', 'Geoweaver (1).dmg', 'ViewPDF-5.pdf', 'wifi bill paid by my roommate sruthi.pdf', 'GEOW2401_Storyboards_06 - Remote Work - Data Sharing.ai', 'Data-2', 'Untitled', 'signed_packet_file_lease_document_17388530_1726677704.pdf', 'SWE 642 ExtraCredit Report.docx', 'ViewPDF-4.pdf', 'Project Proposal_Jyoshmitha_G01459587.pdf', 'HW2 - SWE 632 (1).pdf', 'overLay.pdf', 'MP4_classification.ipynb', 'Hospital bills.pdf', 'Operational Monitoring of Snow Water Equivalent in the Western U.S. Using Machine Learning and Remote Sensing-page-001.jpg', 'archive.zip', 'final_merged_with_region_zone.csv', 'jpaturi_MP5_code', '54458923_20240711065049-2.pdf', 'student_dashboard.html', 'CS747-assignment1 2', 'Lecture 5.pptx', 'readme (S3 bucket).txt', 'Jyoshmithareddypaturi_642HW2.zip', '54458922_20240711065048-2.pdf', 'Jyosh resumeGW.docx', 'image (12).png', 'WhatsApp Image 2024-04-04 at 16.27.12.jpeg', 'CS747_assignment5_template.docx', 'CS747_Assignment 5', 'Screen Recording 2024-03-16 at 11.19.55\\u202fPM.gif', 'Realizing Practical Earth AI.pptx', 'CS747_Assignment2_part1.ipynb - Colab.pdf', 'tl_2021_us_county', 'geoweaver_for_health_v2.pdf', 'GEOW2401_Storyboards_28 - Research Institutions Landscape.ai', 'github-recovery-codes.txt', 'Screen Recording 2024-04-20 at 4.45.46\\u202fPM (1).mov', 'W4NR-2.pdf', 'Presentation 4.pdf', 'Jyoshmitha_G01459587_642HW1.zip', 'CS583-M8-ASSIGNMENT8-JYOSHMITHA REDDY PATURU.pdf', 'Lung_Disease_prediction.ipynb', 'queries.sql', 'Request for Permission for Missing my Mobile Immersive Computing(CS692) First Class of Spring 2025..pdf', '50838716.pdf', 'Untitled (1280 x 640 px).pdf', 'Health data', 'readme copy.txt', '~$ 550 Syllabus.docx', '54458923_20240711065049.pdf', 'Chatbot_for_healthcare_system_using_Arti.pdf', 'Screen Recording 2024-04-20 at 10.46.39\\u202fAM.mov', 'pdf folder', 'Lecture 4.pptx', 'GEOW2401_Storyboards_38 - Geoweaver Logo Black.ai', 'gr3yir8dynuvvrwp39ox (1).zip', '~$17.3CV.docx', 'merged_mortality_aqi_data.csv', 'Shift coverage-form3.pdf', 'CS583-M12-ASSIGNMENT12-JYOSHMI.pdf', 'PAYMENT_RECEIPT_1637379423.pdf', 'jpaturi_mp4_code', 'dbswitch9.mp3', 'P1_PATURI_G01459587 (1).zip', 'Jres.pdf', 'ML AGU.xlsx', 'OracleDB', 'Screen Recording 2024-05-17 at 11.24.30\\u202fPM.mov', '~$Realizing Practical Earth AI.pptx', 'Untitled design.pdf', 'Networking1.zip', 'XGBoost - Jupyter Notebook.pdf', 'dbswitch8.mp3', 'part2data.txt', 'data-table.csv', '~$CVJ.docx', 'CS_747_Final_Report.pdf', 'Shift coverage-form (2).pdf', 'geoweaver_for_health_v1 (1).docx', 'PAYMENT_RECEIPT_1629631184.pdf', 'P2_Paturi_G01459587.zip', 'Untitled design-3-page-001.jpg', 'NSF Final.pdf', 'Project1 2.zip', 'Screenshot 2024-11-28 at 10.32.42\\u202fPM.png', 'WhatsApp Image 2024-12-06 at 20.05.43 (1).jpeg', 'P4_Sivasamy_G01453460 3', 'HW3.docx', 'decision_tree.joblib', 'FW: 2024 ESIP Collaboration of the Year Nomination Form .pdf', 'VISA-JYOSHMITHA.pdf', 'WhatsApp Image 2024-09-23 at 15.53.40.jpeg', 'GP-page-001.jpg', '69612586.pdf', 'Untitled design.jpg', 'CS747-assignment1.zip', 'Ozonecombined.csv', 'FlashBack.pdf', 'Sun_Anping_Huang_2024ASSIP_Poster.pptx', 'commands for ec2 connection.txt', 'Jyoshmitha_G01459587_642HW1 (1).zip', 'accountSummaryOverview (2).pdf', 'Screen Recording 2024-04-20 at 10.22.40\\u202fAM.mov', 'anyconnect-macos-4.10.07073-core-vpn-webdeploy-k9.dmg', 'disease-prediction.zip', 'MortPM2.5.csv', 'CamScanner 07-26-2023 01.01.05.pdf', 'Predictions.ipynb', 'processpart10.mp3', 'Lecture 8.pptx', 'jpaturi_hw9.zip', 'ViewPDF-3.pdf', 'Geoweaver new banner.png', 'Project Proposal.pdf', '37937313.pdf', 'vhalgars_homework13.mp4', 'Updated poster.zip', 'daily_aqi_by_county_2023.csv', 'image.png', 'spectral_normalization.py', 'image (6).png', 'P4_Sivasamy_G01453460 2', '4130_learning_input_agnostic_manipu.pdf', 'daily_aqi_by_county_2022.csv', 'CS480_580_final_exam_topics (3).rtf', 'Sai Nikhil Raga Software Development Engineer Resume.pdf', 'Jyoshmitha Reddy P_Software Engineer I_20250118.docx', 'Job Explore.xlsx', 'ViewPDF-2.pdf', 's10596-024-10317-7.pdf', 'Screenshot 2024-11-06 at 1.01.17\\u202fPM.png', 'MortOzone.csv', 'Untitled (1280 x 640 px).png', 'Treatment bill.jpeg', 'Networking1', 'Ozonecombined (1).csv', 'pexels-eberhard-grossgasteiger-572897.jpg', 'CS583-M7-ASSIGNMENT7-JYOSHMITHA REDDY PATURU.pdf', 'workflowoptionspart8.mp3', 'GeoDa1.22.0.4-Installer.dmg', 'Android5.zip', 'OracleDB.zip', 'CS 550 Syllabus.docx', '17.3CV.docx', 'intro_to_swe_workflow_geoweaver.ipynb', 'IHME_USA_COUNTY_RESP_DISEASE_MORTALITY_1980_2014_NATIONAL_Y2017M09D26.XLSX', 'Operational Monitoring of Snow Water Equivalent in the Western U.S. Using Machine Learning and Remote Sensing (6).png', 'create-your-own_64635515.zip', 'annual_aqi_5_years_average.csv', \"DALL·E 2024-08-30 09.18.50 - A professional and visually engaging scientific poster on 'Operational Monitoring of Snow Water Equivalent (SWE) in the Western U.S. Using Machine Lea.webp\"]\n",
  "history_begin_time" : 1740626357382,
  "history_end_time" : 1740626357451,
  "history_notes" : null,
  "history_process" : "f4pq53",
  "host_id" : null,
  "indicator" : "Done"
},{
  "history_id" : "41yjPh4O94u5",
  "history_input" : "import pandas as pd\nimport os\n\ndef fetch_radon_data():\n    # Get the path to the Downloads folder\n    downloads_folder = os.path.expanduser('~') + '/Downloads'\n    \n    # Path to the CSV file in Downloads folder\n    file_path = os.path.join(downloads_folder, 'radonzones.csv')\n    \n    if os.path.exists(file_path):\n        try:\n            # Attempt to read the CSV file with a different encoding (ISO-8859-1)\n            data = pd.read_csv(file_path, encoding='ISO-8859-1')\n            print(\"Dataset fetched successfully!\")\n            \n            # Display the first few columns\n            print(data.iloc[:, :5])  # Adjust \":5\" to print more/fewer columns\n            return data\n        except Exception as e:\n            print(f\"Error reading the CSV file: {e}\")\n            return None\n    else:\n        print(f\"Error: {file_path} does not exist.\")\n        return None\n\n# Run the function to fetch the data\ndata = fetch_radon_data()\n",
  "history_output" : "Error: /Users/jyoshmithareddypaturi/Downloads/radonzones.csv does not exist.\n",
  "history_begin_time" : 1740626174658,
  "history_end_time" : 1740626175412,
  "history_notes" : null,
  "history_process" : "f4pq53",
  "host_id" : null,
  "indicator" : "Done"
},{
  "history_id" : "cRneQFAWMDic",
  "history_input" : "import pandas as pd\nimport os\n\ndef fetch_data():\n    # Get the path to the Downloads folder\n    downloads_folder = os.path.expanduser('~') + '/Downloads'\n    \n    # Path to the CSV file in Downloads folder\n    file_path = os.path.join(downloads_folder, \n    'radonzones.csv')\n\n    # Check if the file exists\n    if os.path.exists(file_path):\n        # Read the CSV file\n        df = pd.read_csv(file_path)\n        \n        # Print the first few columns\n        print(df.iloc[:, :5])  # Adjust the number 5 to print more/less columns\n    else:\n        print(\"File not found:\", file_path)\n\n# Call the function\nfetch_data()\n",
  "history_output" : "File not found: /Users/jyoshmithareddypaturi/Downloads/radonzones.csv\n",
  "history_begin_time" : 1740626076465,
  "history_end_time" : 1740626077187,
  "history_notes" : null,
  "history_process" : "f4pq53",
  "host_id" : null,
  "indicator" : "Done"
},{
  "history_id" : "d52C3kHdCa29",
  "history_input" : "import pandas as pd\nimport os\n\ndef fetch_data():\n    # Get the path to the Downloads folder\n    downloads_folder = os.path.expanduser('~') + '/Downloads'\n    \n    # Path to the CSV file in Downloads folder\n    file_path = os.path.join(downloads_folder, 'radonzones.csv')\n\n    # Check if the file exists\n    if os.path.exists(file_path):\n        # Read the CSV file\n        df = pd.read_csv(file_path)\n        \n        # Print the first few columns\n        print(df.iloc[:, :5])  # Adjust the number 5 to print more/less columns\n    else:\n        print(\"File not found:\", file_path)\n\n# Call the function\nfetch_data()\n",
  "history_output" : "File not found: /Users/jyoshmithareddypaturi/Downloads/radonzones.csv\n",
  "history_begin_time" : 1740625808783,
  "history_end_time" : 1740625809513,
  "history_notes" : null,
  "history_process" : "f4pq53",
  "host_id" : null,
  "indicator" : "Done"
},{
  "history_id" : "k9k9pvh77n6",
  "history_input" : null,
  "history_output" : null,
  "history_begin_time" : null,
  "history_end_time" : 1740629008018,
  "history_notes" : null,
  "history_process" : "f4pq53",
  "host_id" : "100001",
  "indicator" : "Stopped"
},{
  "history_id" : "l9jlt7tscxg",
  "history_input" : null,
  "history_output" : null,
  "history_begin_time" : null,
  "history_end_time" : 1741274063402,
  "history_notes" : null,
  "history_process" : "f4pq53",
  "host_id" : "100001",
  "indicator" : "Stopped"
},{
  "history_id" : "j32ep8g26no",
  "history_input" : null,
  "history_output" : null,
  "history_begin_time" : null,
  "history_end_time" : 1740629860963,
  "history_notes" : null,
  "history_process" : "f4pq53",
  "host_id" : "100001",
  "indicator" : "Stopped"
},{
  "history_id" : "7gq59j5jrvm",
  "history_input" : null,
  "history_output" : null,
  "history_begin_time" : null,
  "history_end_time" : 1741275207424,
  "history_notes" : null,
  "history_process" : "f4pq53",
  "host_id" : "100001",
  "indicator" : "Stopped"
},{
  "history_id" : "1xpfqc58stu",
  "history_input" : null,
  "history_output" : null,
  "history_begin_time" : null,
  "history_end_time" : 1741275476073,
  "history_notes" : null,
  "history_process" : "f4pq53",
  "host_id" : "100001",
  "indicator" : "Stopped"
},{
  "history_id" : "zlu0uylwss7",
  "history_input" : null,
  "history_output" : null,
  "history_begin_time" : null,
  "history_end_time" : 1740628647101,
  "history_notes" : null,
  "history_process" : "f4pq53",
  "host_id" : "100001",
  "indicator" : "Stopped"
},{
  "history_id" : "bxdbrsf4sfl",
  "history_input" : null,
  "history_output" : null,
  "history_begin_time" : null,
  "history_end_time" : 1740629989081,
  "history_notes" : null,
  "history_process" : "f4pq53",
  "host_id" : "100001",
  "indicator" : "Stopped"
},{
  "history_id" : "ho0m1wzmiew",
  "history_input" : null,
  "history_output" : null,
  "history_begin_time" : null,
  "history_end_time" : 1740630100153,
  "history_notes" : null,
  "history_process" : "f4pq53",
  "host_id" : "100001",
  "indicator" : "Stopped"
},{
  "history_id" : "rb5q2b7exsz",
  "history_input" : null,
  "history_output" : null,
  "history_begin_time" : null,
  "history_end_time" : 1741275389035,
  "history_notes" : null,
  "history_process" : "f4pq53",
  "host_id" : "100001",
  "indicator" : "Stopped"
},{
  "history_id" : "e51f00jlqkt",
  "history_input" : null,
  "history_output" : null,
  "history_begin_time" : null,
  "history_end_time" : 1741870314749,
  "history_notes" : null,
  "history_process" : "f4pq53",
  "host_id" : "100001",
  "indicator" : "Stopped"
},{
  "history_id" : "fnke9hgn664",
  "history_input" : null,
  "history_output" : null,
  "history_begin_time" : null,
  "history_end_time" : 1741873525526,
  "history_notes" : null,
  "history_process" : "f4pq53",
  "host_id" : "100001",
  "indicator" : "Stopped"
},{
  "history_id" : "ilh6h59iwp9",
  "history_input" : null,
  "history_output" : null,
  "history_begin_time" : null,
  "history_end_time" : 1741873559808,
  "history_notes" : null,
  "history_process" : "f4pq53",
  "host_id" : "100001",
  "indicator" : "Stopped"
},{
  "history_id" : "vg4aqc7ghva",
  "history_input" : null,
  "history_output" : null,
  "history_begin_time" : null,
  "history_end_time" : 1741876725053,
  "history_notes" : null,
  "history_process" : "f4pq53",
  "host_id" : "100001",
  "indicator" : "Stopped"
},{
  "history_id" : "93bkvuhxwv3",
  "history_input" : null,
  "history_output" : null,
  "history_begin_time" : null,
  "history_end_time" : 1742429005650,
  "history_notes" : null,
  "history_process" : "f4pq53",
  "host_id" : "100001",
  "indicator" : "Stopped"
},{
  "history_id" : "atnsl9fddwc",
  "history_input" : null,
  "history_output" : null,
  "history_begin_time" : null,
  "history_end_time" : 1742429862385,
  "history_notes" : null,
  "history_process" : "f4pq53",
  "host_id" : "100001",
  "indicator" : "Stopped"
},{
  "history_id" : "mmhs0wanqt2",
  "history_input" : null,
  "history_output" : null,
  "history_begin_time" : null,
  "history_end_time" : 1742429900034,
  "history_notes" : null,
  "history_process" : "f4pq53",
  "host_id" : "100001",
  "indicator" : "Stopped"
},{
  "history_id" : "3r5dz5b91tx",
  "history_input" : null,
  "history_output" : null,
  "history_begin_time" : null,
  "history_end_time" : 1742475919581,
  "history_notes" : null,
  "history_process" : "f4pq53",
  "host_id" : "100001",
  "indicator" : "Stopped"
},]