[{
  "history_id" : "v0qrmacsfpg",
  "history_input" : "#!/bin/bash\n\n#install require libaries\nimport pandas as pd",
  "history_output" : "/Users/jyoshmithareddypaturi/gw-workspace/v0qrmacsfpg/gw-tmT9zWm11ilteyP3nIyY47kD91-v0qrmacsfpg.sh: line 4: import: command not found\n",
  "history_begin_time" : 1741274061240,
  "history_end_time" : 1741274063438,
  "history_notes" : null,
  "history_process" : "wkkj41",
  "host_id" : "100001",
  "indicator" : "Failed"
},{
  "history_id" : "kx8j2ejvn6p",
  "history_input" : null,
  "history_output" : null,
  "history_begin_time" : null,
  "history_end_time" : 1741274063376,
  "history_notes" : null,
  "history_process" : "3onu0b",
  "host_id" : "100001",
  "indicator" : "Stopped"
},{
  "history_id" : "zqeqxi2ewnz",
  "history_input" : null,
  "history_output" : null,
  "history_begin_time" : null,
  "history_end_time" : 1741274063371,
  "history_notes" : null,
  "history_process" : "1l32v2",
  "host_id" : "100001",
  "indicator" : "Stopped"
},{
  "history_id" : "uce9updf1xy",
  "history_input" : null,
  "history_output" : null,
  "history_begin_time" : null,
  "history_end_time" : 1741274063380,
  "history_notes" : null,
  "history_process" : "ul6ag3",
  "host_id" : "100001",
  "indicator" : "Stopped"
},{
  "history_id" : "8ngxl12bdiz",
  "history_input" : null,
  "history_output" : null,
  "history_begin_time" : null,
  "history_end_time" : 1741274063388,
  "history_notes" : null,
  "history_process" : "zmh4at",
  "host_id" : "100001",
  "indicator" : "Stopped"
},{
  "history_id" : "03qsk4asl4d",
  "history_input" : null,
  "history_output" : null,
  "history_begin_time" : null,
  "history_end_time" : 1741274063407,
  "history_notes" : null,
  "history_process" : "ug081o",
  "host_id" : "100001",
  "indicator" : "Stopped"
},{
  "history_id" : "fz92wieg5v0",
  "history_input" : null,
  "history_output" : null,
  "history_begin_time" : null,
  "history_end_time" : 1741274063410,
  "history_notes" : null,
  "history_process" : "7my0ib",
  "host_id" : "100001",
  "indicator" : "Stopped"
},{
  "history_id" : "v7a3q9affwp",
  "history_input" : null,
  "history_output" : null,
  "history_begin_time" : null,
  "history_end_time" : 1741274063393,
  "history_notes" : null,
  "history_process" : "pbr25n",
  "host_id" : "100001",
  "indicator" : "Stopped"
},{
  "history_id" : "wx1lh4jtna7",
  "history_input" : null,
  "history_output" : null,
  "history_begin_time" : null,
  "history_end_time" : 1741274063396,
  "history_notes" : null,
  "history_process" : "z3kcsx",
  "host_id" : "100001",
  "indicator" : "Stopped"
},{
  "history_id" : "l9jlt7tscxg",
  "history_input" : null,
  "history_output" : null,
  "history_begin_time" : null,
  "history_end_time" : 1741274063402,
  "history_notes" : null,
  "history_process" : "f4pq53",
  "host_id" : "100001",
  "indicator" : "Stopped"
},{
  "history_id" : "9jx5smi83cl",
  "history_input" : null,
  "history_output" : null,
  "history_begin_time" : null,
  "history_end_time" : 1741274063413,
  "history_notes" : null,
  "history_process" : "dns40u",
  "host_id" : "100001",
  "indicator" : "Stopped"
},{
  "history_id" : "ojb7d0m4m7a",
  "history_input" : null,
  "history_output" : null,
  "history_begin_time" : null,
  "history_end_time" : 1741274063419,
  "history_notes" : null,
  "history_process" : "m2rtkz",
  "host_id" : "100001",
  "indicator" : "Stopped"
},{
  "history_id" : "qmmn5y9ph1x",
  "history_input" : null,
  "history_output" : null,
  "history_begin_time" : null,
  "history_end_time" : 1741274063423,
  "history_notes" : null,
  "history_process" : "p2ymk1",
  "host_id" : "100001",
  "indicator" : "Stopped"
},{
  "history_id" : "wrhmmhme1wa",
  "history_input" : null,
  "history_output" : null,
  "history_begin_time" : null,
  "history_end_time" : 1741274063427,
  "history_notes" : null,
  "history_process" : "wtszw9",
  "host_id" : "100001",
  "indicator" : "Stopped"
},{
  "history_id" : "8avm8t5sibf",
  "history_input" : null,
  "history_output" : null,
  "history_begin_time" : null,
  "history_end_time" : 1741274063430,
  "history_notes" : null,
  "history_process" : "ddfkb3",
  "host_id" : "100001",
  "indicator" : "Stopped"
},{
  "history_id" : "1n7kr5ultgz",
  "history_input" : null,
  "history_output" : null,
  "history_begin_time" : null,
  "history_end_time" : 1741274063433,
  "history_notes" : null,
  "history_process" : "mo2hsb",
  "host_id" : "100001",
  "indicator" : "Stopped"
}]