[{
  "history_id" : "aBNgWnRFfv6cWTsAdY",
  "history_input" : "wkkj41-JCdqQ;ul6ag3-VaNH5;zmh4at-J9SxW;ug081o-WwCef;f4pq53-39izg;wtszw9-xhNbS;ddfkb3-Av4bD;yfhedx-5Zau2;7my0ib-w5o3a;dv6ldm-UfrKU;pbr25n-iYDQc;7eqm4n-QIvFs;kth1gk-FqPnC;4h36mr-lqYM5;",
  "history_output" : "7xgvvhckljz;aobra8oahhn;olb7bq8huri;tlwekh8ksua;3r5dz5b91tx;yw9cqmk6v3j;038rmzqnrfy;yz80jpkejzc;vxlr0e5hqrv;to386iih17r;pzbai3hs27q;t806oedvts1;w73bstgwj6f;bhllcjcu2bl;",
  "history_begin_time" : 1742475917054,
  "history_end_time" : 1742475918041,
  "history_notes" : null,
  "history_process" : "s96wh3yf2f3ue7jyx1v9",
  "host_id" : "100001;",
  "indicator" : "Done"
},{
  "history_id" : "gAd794A084Ez6cW2xZ",
  "history_input" : "wkkj41-JCdqQ;ul6ag3-VaNH5;zmh4at-J9SxW;ug081o-WwCef;f4pq53-39izg;wtszw9-xhNbS;ddfkb3-Av4bD;yfhedx-5Zau2;7my0ib-w5o3a;dv6ldm-UfrKU;pbr25n-iYDQc;7eqm4n-QIvFs;kth1gk-FqPnC;",
  "history_output" : "31r3tdultpm;d1rnz9ci0mc;0e3vrx2ai95;4n4zxjexqxb;mmhs0wanqt2;sf5y8gr4ioz;2jp0f43jz27;vu780x9hdul;iqytba6gn74;xdwersax00z;o7xj38jkeai;u5lwdhyj9gf;eyvxf5yusyy;",
  "history_begin_time" : 1742429898361,
  "history_end_time" : 1742429899346,
  "history_notes" : null,
  "history_process" : "s96wh3yf2f3ue7jyx1v9",
  "host_id" : "100001;",
  "indicator" : "Done"
},{
  "history_id" : "YhKYEmiAXeGUpCbugt",
  "history_input" : "wkkj41-JCdqQ;ul6ag3-VaNH5;zmh4at-J9SxW;ug081o-WwCef;f4pq53-39izg;wtszw9-xhNbS;ddfkb3-Av4bD;yfhedx-5Zau2;7my0ib-w5o3a;hkyofs-nFg6k;dv6ldm-UfrKU;pbr25n-iYDQc;7eqm4n-QIvFs;kth1gk-FqPnC;",
  "history_output" : "hmlsu5kb4m9;i29zh7jy2q2;06rvz3bjv5a;ieyiih6relc;atnsl9fddwc;z8gu5s2u4si;8wmdb0sw2f0;7fb511pumnr;la5hfco0hnb;6dc0nycjm7i;ow0qlvd2tyn;tkvlfziw39g;lerut9hui2o;qz1tu7z0e0p;",
  "history_begin_time" : 1742429861131,
  "history_end_time" : 1742429861851,
  "history_notes" : null,
  "history_process" : "s96wh3yf2f3ue7jyx1v9",
  "host_id" : "100001;",
  "indicator" : "Done"
},{
  "history_id" : "a7tREKZczX7wMXzhQn",
  "history_input" : "wkkj41-JCdqQ;ul6ag3-VaNH5;zmh4at-J9SxW;ug081o-WwCef;f4pq53-39izg;wtszw9-xhNbS;ddfkb3-Av4bD;yfhedx-5Zau2;7my0ib-w5o3a;kth1gk-xYbZi;hkyofs-nFg6k;dv6ldm-UfrKU;pbr25n-iYDQc;7eqm4n-QIvFs;",
  "history_output" : "f11rswry0wq;4ujmpzk7wym;9kwhjhkwhjh;qib80hb2pjb;93bkvuhxwv3;033l5ynzmzl;8py91dpolwv;jj62oel4srd;87a4yt7cuib;2n9prtoiaob;15741qg91k4;iz1y5ok01gw;ggmgfx2aykd;138dc1ci0lq;",
  "history_begin_time" : 1742429004408,
  "history_end_time" : 1742429005205,
  "history_notes" : null,
  "history_process" : "s96wh3yf2f3ue7jyx1v9",
  "host_id" : "100001;",
  "indicator" : "Done"
},{
  "history_id" : "r4uerVbugvAL9ORLJp",
  "history_input" : "wkkj41-JCdqQ;ul6ag3-VaNH5;zmh4at-J9SxW;ug081o-WwCef;f4pq53-39izg;wtszw9-xhNbS;ddfkb3-Av4bD;yfhedx-5Zau2;7my0ib-w5o3a;kth1gk-xYbZi;hkyofs-nFg6k;dv6ldm-UfrKU;pbr25n-iYDQc;",
  "history_output" : "s6s4489ygpf;bjxnvo64jui;ztvshk0qsia;l1lr9v6pmbr;1zs6p7lkc56;0nsrqe8lkef;edikdxjy9kj;ylsb4gwmt7a;ypr3ng12f3d;v6bsa3wdcem;jlo790lwokq;kllk8drzzrh;8xv2q14s579;",
  "history_begin_time" : 1741882801528,
  "history_end_time" : 1741882824505,
  "history_notes" : null,
  "history_process" : "s96wh3yf2f3ue7jyx1v9",
  "host_id" : "100001;",
  "indicator" : "Failed"
},{
  "history_id" : "mOPmGh1gHyk2SuWpTr",
  "history_input" : "wkkj41-JCdqQ;ul6ag3-VaNH5;zmh4at-J9SxW;ug081o-WwCef;f4pq53-39izg;wtszw9-xhNbS;ddfkb3-Av4bD;yfhedx-5Zau2;7my0ib-w5o3a;kth1gk-xYbZi;hkyofs-nFg6k;dv6ldm-UfrKU;pbr25n-iYDQc;",
  "history_output" : "8xm1yzl4j7x;9g07wulqeln;yrc7039nnox;kquuig9elga;vg4aqc7ghva;4qjwq0dt1bz;cg2cblvk66t;iu2qwdvt6d4;cjbanxmkutb;s9thaoam1y3;hjhvnmnv0kt;8ogp31cvfes;pail1kx9vfm;",
  "history_begin_time" : 1741876720427,
  "history_end_time" : 1741876721456,
  "history_notes" : null,
  "history_process" : "s96wh3yf2f3ue7jyx1v9",
  "host_id" : "100001;",
  "indicator" : "Done"
},{
  "history_id" : "vBDwvq7nhgaD1eAF9G",
  "history_input" : "wkkj41-JCdqQ;ul6ag3-VaNH5;zmh4at-J9SxW;ug081o-WwCef;f4pq53-39izg;wtszw9-xhNbS;ddfkb3-Av4bD;yfhedx-5Zau2;7my0ib-w5o3a;kth1gk-xYbZi;hkyofs-nFg6k;dv6ldm-UfrKU;pbr25n-iYDQc;",
  "history_output" : "eibjjtlc6b7;nvsxgkptcug;0ppepvwutq0;i9bw312xcr7;ilh6h59iwp9;6eh9fmiawps;l5ecvpk2d74;hedpwspywyp;p6zo0ncsu14;6fd9iot5fgg;6bacqheqgcq;1z5qlhp9n6b;8i1llisofy6;",
  "history_begin_time" : 1741873558070,
  "history_end_time" : 1741873559539,
  "history_notes" : null,
  "history_process" : "s96wh3yf2f3ue7jyx1v9",
  "host_id" : "100001;",
  "indicator" : "Done"
},{
  "history_id" : "g9aGiTVuaZTxZcWtbo",
  "history_input" : "wkkj41-JCdqQ;ul6ag3-VaNH5;zmh4at-J9SxW;ug081o-WwCef;f4pq53-39izg;wtszw9-xhNbS;ddfkb3-Av4bD;mo2hsb-fMDZv;yfhedx-5Zau2;7my0ib-w5o3a;kth1gk-xYbZi;hkyofs-nFg6k;dv6ldm-UfrKU;pbr25n-iYDQc;",
  "history_output" : "sy2yvcq6sw6;huv07tsmn04;7gtiurq9o0d;wsv396hujx4;fnke9hgn664;yvscpatg9k3;10eo836l212;vtqtvnl4ii0;4sb90rqq7tf;vit72qsuull;i35iimb7kn5;6a3w8lw0cxp;k8l7ga39phf;4tkonw4y0be;",
  "history_begin_time" : 1741873523227,
  "history_end_time" : 1741873523973,
  "history_notes" : null,
  "history_process" : "s96wh3yf2f3ue7jyx1v9",
  "host_id" : "100001;",
  "indicator" : "Done"
},{
  "history_id" : "qogWR6CHvQ10CUqG6t",
  "history_input" : "wkkj41-JCdqQ;ul6ag3-VaNH5;zmh4at-J9SxW;ug081o-WwCef;f4pq53-39izg;wtszw9-xhNbS;ddfkb3-Av4bD;mo2hsb-fMDZv;yfhedx-5Zau2;7my0ib-w5o3a;kth1gk-xYbZi;hkyofs-nFg6k;dv6ldm-UfrKU;pbr25n-iYDQc;",
  "history_output" : "mp4w8lnzkgl;brorp9crhkq;6oeqrh99p7c;m0vc1eyfegk;e51f00jlqkt;txpzljazlbz;v13k9k5aad6;i12i5ipkbrz;0cva9bmeodj;lng83zuqjl5;dju9zca1ql3;623sc2wopiu;d7im4ivxlmz;zih1b0r9o9z;",
  "history_begin_time" : 1741870313175,
  "history_end_time" : 1741870314142,
  "history_notes" : null,
  "history_process" : "s96wh3yf2f3ue7jyx1v9",
  "host_id" : "100001;",
  "indicator" : "Done"
},{
  "history_id" : "DCcLHKDg78qjdv93Vg",
  "history_input" : "wkkj41-JCdqQ;3onu0b-pnp9n;1l32v2-0RBXL;ul6ag3-VaNH5;zmh4at-J9SxW;ug081o-WwCef;pbr25n-6KWzM;z3kcsx-zX7ft;f4pq53-39izg;dns40u-gxYp0;m2rtkz-2ulTN;p2ymk1-o8Gxb;wtszw9-xhNbS;ddfkb3-Av4bD;mo2hsb-fMDZv;yfhedx-5Zau2;7my0ib-w5o3a;kth1gk-xYbZi;hkyofs-nFg6k;",
  "history_output" : "ualsw1hj9uz;7qepy6fw7gz;f922cah3xb3;zvhzchgxlun;dm515pm1iki;q5rvsc109k4;81xkbabx6vu;awq5hg91k0b;1xpfqc58stu;12hmxdefluy;m9xb2hobnom;a6a1yjfnyb8;bwn3bm6cyj2;kltdhe0sslq;s1v30slelzl;2kd491flhfl;baqri3u392y;47v0m6ufpa2;ovk4g909utu;",
  "history_begin_time" : 1741275472623,
  "history_end_time" : 1741275473932,
  "history_notes" : null,
  "history_process" : "s96wh3yf2f3ue7jyx1v9",
  "host_id" : "100001;",
  "indicator" : "Done"
},{
  "history_id" : "48Ll1aAROtMQ0OJaDD",
  "history_input" : "wkkj41-JCdqQ;3onu0b-pnp9n;1l32v2-0RBXL;ul6ag3-VaNH5;zmh4at-J9SxW;ug081o-WwCef;pbr25n-6KWzM;z3kcsx-zX7ft;f4pq53-39izg;dns40u-gxYp0;m2rtkz-2ulTN;p2ymk1-o8Gxb;wtszw9-xhNbS;ddfkb3-Av4bD;mo2hsb-fMDZv;yfhedx-5Zau2;7my0ib-w5o3a;kth1gk-xYbZi;",
  "history_output" : "sibpxgxqo75;hirubdommb2;cpuvbpeh2ys;4p0dav51d3n;c66ptrjo1qu;m2v7xklo8gf;g1so4br7z6x;x890ehrcan0;rb5q2b7exsz;0ejty7qmqlx;1sf9vw1liu8;2y47fnivdgn;1monr0iss8t;jqdt5myho7x;naq0390e2gy;3200y9d1o6a;fmsqkb5vtgn;qkdz4uifdgj;",
  "history_begin_time" : 1741275385772,
  "history_end_time" : 1741275386607,
  "history_notes" : null,
  "history_process" : "s96wh3yf2f3ue7jyx1v9",
  "host_id" : "100001;",
  "indicator" : "Done"
},{
  "history_id" : "lzsGB6kaUxRx6jSra3",
  "history_input" : "wkkj41-JCdqQ;3onu0b-pnp9n;1l32v2-0RBXL;ul6ag3-VaNH5;zmh4at-J9SxW;ug081o-WwCef;pbr25n-6KWzM;z3kcsx-zX7ft;f4pq53-39izg;dns40u-gxYp0;m2rtkz-2ulTN;p2ymk1-o8Gxb;wtszw9-xhNbS;ddfkb3-Av4bD;mo2hsb-fMDZv;yfhedx-5Zau2;7my0ib-w5o3a;",
  "history_output" : "pbr1bhlodjc;872n3l59z9h;6vman819sk0;4hdy4phettr;xuyx4cqdoft;psybbhtnetk;sxk7e2yusa7;jpdr3fqee11;7gq59j5jrvm;5rb8dvc49l7;r4ucoq2kghj;6rmcta11uds;m1ukoqswd2n;jza5107nzn6;iyifwem2y6k;rc0blzi7tgk;6qn6xvztrnv;",
  "history_begin_time" : 1741275204490,
  "history_end_time" : 1741275205156,
  "history_notes" : null,
  "history_process" : "s96wh3yf2f3ue7jyx1v9",
  "host_id" : "100001;",
  "indicator" : "Done"
},{
  "history_id" : "RmOjobXma0WxwGMIAD",
  "history_input" : "wkkj41-JCdqQ;3onu0b-pnp9n;1l32v2-0RBXL;ul6ag3-VaNH5;zmh4at-J9SxW;ug081o-WwCef;7my0ib-tUfyY;pbr25n-6KWzM;z3kcsx-zX7ft;f4pq53-39izg;dns40u-gxYp0;m2rtkz-2ulTN;p2ymk1-o8Gxb;wtszw9-xhNbS;ddfkb3-Av4bD;mo2hsb-fMDZv;",
  "history_output" : "v0qrmacsfpg;kx8j2ejvn6p;zqeqxi2ewnz;uce9updf1xy;8ngxl12bdiz;03qsk4asl4d;fz92wieg5v0;v7a3q9affwp;wx1lh4jtna7;l9jlt7tscxg;9jx5smi83cl;ojb7d0m4m7a;qmmn5y9ph1x;wrhmmhme1wa;8avm8t5sibf;1n7kr5ultgz;",
  "history_begin_time" : 1741274060386,
  "history_end_time" : 1741274061240,
  "history_notes" : null,
  "history_process" : "s96wh3yf2f3ue7jyx1v9",
  "host_id" : "100001;",
  "indicator" : "Done"
},{
  "history_id" : "f6Ozo4G4qaOpKYrZV8",
  "history_input" : "wkkj41-JCdqQ;162xiz-Ccieh;3onu0b-pnp9n;1l32v2-0RBXL;ul6ag3-VaNH5;zmh4at-J9SxW;ug081o-WwCef;7my0ib-tUfyY;pbr25n-6KWzM;z3kcsx-zX7ft;f4pq53-39izg;dns40u-gxYp0;m2rtkz-2ulTN;p2ymk1-o8Gxb;wtszw9-xhNbS;ddfkb3-Av4bD;",
  "history_output" : "yegmjqhx85s;otnh6yxkrhp;gtm9vp1g363;ccsackgsxis;r41dt8ifqiz;m46hucreb2i;5xwoeuta2zd;cz0m956mx98;5trwrn59prb;y84vkf8i561;ho0m1wzmiew;gfozz12t40q;lpgeezhpady;kd64n4a5b0f;63zhxctzh02;3jzux47fuxf;",
  "history_begin_time" : 1740630096740,
  "history_end_time" : 1740630098045,
  "history_notes" : null,
  "history_process" : "s96wh3yf2f3ue7jyx1v9",
  "host_id" : "100001;",
  "indicator" : "Done"
},{
  "history_id" : "DAB6t5rdRd3V1jMrNj",
  "history_input" : "wkkj41-JCdqQ;162xiz-Ccieh;3onu0b-pnp9n;1l32v2-0RBXL;ul6ag3-VaNH5;zmh4at-J9SxW;ug081o-WwCef;7my0ib-tUfyY;pbr25n-6KWzM;z3kcsx-zX7ft;f4pq53-39izg;dns40u-gxYp0;m2rtkz-2ulTN;p2ymk1-o8Gxb;wtszw9-xhNbS;",
  "history_output" : "gsvlezczhyw;7qsmcjz8xko;4m2qjx1okgv;62rjea7xbc3;0yhzli2s1u6;5268a1u1ak6;sih5r4b8zw2;1prj8etvltd;00t2ggw68en;7ca0dwrs856;bxdbrsf4sfl;i31258xodnc;r3lp7qqlhud;9xnynudy640;tdwshlr1t9o;",
  "history_begin_time" : 1740629987333,
  "history_end_time" : 1740629987982,
  "history_notes" : null,
  "history_process" : "s96wh3yf2f3ue7jyx1v9",
  "host_id" : "100001;",
  "indicator" : "Done"
},{
  "history_id" : "gSi1MDq1PdOQ3i1A1h",
  "history_input" : "wkkj41-JCdqQ;162xiz-Ccieh;3onu0b-pnp9n;1l32v2-0RBXL;ul6ag3-VaNH5;zmh4at-J9SxW;ug081o-WwCef;7my0ib-tUfyY;pbr25n-6KWzM;z3kcsx-zX7ft;f4pq53-39izg;dns40u-gxYp0;m2rtkz-2ulTN;p2ymk1-o8Gxb;",
  "history_output" : "pwvfhjtl5fb;ox82evh8g5o;1tm5be4im2i;7ubvo1h44ik;n3j0bxkfygq;3deua7vvmyh;hgm02ouhj4d;l6og7ujb9nr;bbflvvfw5jt;v7b6ul3vt9p;j32ep8g26no;xdfvecgfdk2;qt04bhilejr;h886fogltvc;",
  "history_begin_time" : 1740629858280,
  "history_end_time" : 1740629858860,
  "history_notes" : null,
  "history_process" : "s96wh3yf2f3ue7jyx1v9",
  "host_id" : "100001;",
  "indicator" : "Done"
},{
  "history_id" : "dTPiyx3R0rG38F74u8",
  "history_input" : "wkkj41-JCdqQ;162xiz-Ccieh;3onu0b-pnp9n;1l32v2-0RBXL;ul6ag3-VaNH5;zmh4at-J9SxW;f4pq53-IoTdX;ug081o-WwCef;7my0ib-tUfyY;",
  "history_output" : "pmcrvs6b1bw;mo0234fzksp;nmklqprtvzs;sp00cao5ntd;7a55hc71m78;hqq4ikfcaf1;k9k9pvh77n6;psf48aiu6jb;pmb3ljoetti;",
  "history_begin_time" : 1740629004561,
  "history_end_time" : 1740629005917,
  "history_notes" : null,
  "history_process" : "s96wh3yf2f3ue7jyx1v9",
  "host_id" : "100001;",
  "indicator" : "Done"
},{
  "history_id" : "ruWbU863H1ur0w7vCC",
  "history_input" : "wkkj41-JCdqQ;162xiz-Ccieh;3onu0b-pnp9n;1l32v2-0RBXL;ul6ag3-VaNH5;zmh4at-J9SxW;f4pq53-IoTdX;ug081o-WwCef;",
  "history_output" : "vh371t76siv;g3u5vbluxow;aefffjsxk70;ev9kgnu6udd;gzpvooes9od;mdw2ok7lged;zlu0uylwss7;em8l2686djw;",
  "history_begin_time" : 1740628643850,
  "history_end_time" : 1740628645023,
  "history_notes" : null,
  "history_process" : "s96wh3yf2f3ue7jyx1v9",
  "host_id" : "100001;",
  "indicator" : "Done"
},{
  "history_id" : "KHOILq0zpJsRaUpErM",
  "history_input" : "wkkj41-JCdqQ;162xiz-Ccieh;3onu0b-pnp9n;1l32v2-0RBXL;ul6ag3-VaNH5;zmh4at-J9SxW;",
  "history_output" : "1v41ew6aojw;zrygz9u224a;x5otoxxhd7r;54qa9uuv5ym;16197qcc6h0;pjzn7qiheph;",
  "history_begin_time" : 1740625276045,
  "history_end_time" : 1740625277417,
  "history_notes" : null,
  "history_process" : "s96wh3yf2f3ue7jyx1v9",
  "host_id" : "100001;",
  "indicator" : "Done"
},{
  "history_id" : "Qg4PtcIgXvRkuB9Scn",
  "history_input" : "wkkj41-JCdqQ;162xiz-Ccieh;3onu0b-pnp9n;1l32v2-0RBXL;ul6ag3-VaNH5;zmh4at-J9SxW;",
  "history_output" : "ed0hcvrlwo7;nqpgk3gwv0j;y5zhi48ndgc;rkhikz4j735;mi5hsrx5d58;qvgkb22vjc6;",
  "history_begin_time" : 1740625251700,
  "history_end_time" : 1740625252603,
  "history_notes" : null,
  "history_process" : "s96wh3yf2f3ue7jyx1v9",
  "host_id" : "100001;",
  "indicator" : "Done"
},{
  "history_id" : "a6gO8ykS82wLavKh3J",
  "history_input" : "wkkj41-JCdqQ;zmh4at-UKQow;ul6ag3-730UK;1l32v2-5gAYX;3onu0b-5ytWM;162xiz-Ccieh;",
  "history_output" : "rvx0ghn6k5l;h4wea5alncu;az2qyr2a096;og76ftbozh7;m15zn14z92c;itt0a0lmdpq;",
  "history_begin_time" : 1739427566614,
  "history_end_time" : 1739427567751,
  "history_notes" : null,
  "history_process" : "s96wh3yf2f3ue7jyx1v9",
  "host_id" : "100001;",
  "indicator" : "Done"
},{
  "history_id" : "9cPhUflg5tkSNuX5l7",
  "history_input" : "wkkj41-JCdqQ;zmh4at-UKQow;ul6ag3-730UK;1l32v2-5gAYX;",
  "history_output" : "rnijs8jkqeq;i8rblusua5s;iun6ox5ooum;r0niylz5es2;",
  "history_begin_time" : 1739427447482,
  "history_end_time" : 1739427448662,
  "history_notes" : null,
  "history_process" : "s96wh3yf2f3ue7jyx1v9",
  "host_id" : "100001;",
  "indicator" : "Done"
},{
  "history_id" : "8iUlrJIsZ1xR6nzD72",
  "history_input" : "wkkj41-JCdqQ;zmh4at-UKQow;ul6ag3-730UK;1l32v2-5gAYX;",
  "history_output" : "fg6tjvf6gbb;2wl7ugcbqe5;8foz2cajwh2;6fjfzwu32vo;",
  "history_begin_time" : 1739427388022,
  "history_end_time" : 1739427388861,
  "history_notes" : null,
  "history_process" : "s96wh3yf2f3ue7jyx1v9",
  "host_id" : "100001;",
  "indicator" : "Done"
},{
  "history_id" : "wAWNvKku3CIMvT8Ony",
  "history_input" : "wkkj41-JCdqQ;zmh4at-UKQow;ul6ag3-730UK;1l32v2-5gAYX;",
  "history_output" : "ngqdfh01pjn;olg6hl69uvo;x8js84nmjfq;w26ebvr3pci;",
  "history_begin_time" : 1739427174895,
  "history_end_time" : 1739427175475,
  "history_notes" : null,
  "history_process" : "s96wh3yf2f3ue7jyx1v9",
  "host_id" : "100001;",
  "indicator" : "Done"
},{
  "history_id" : "xn2mYsPsUcQJhdX7da",
  "history_input" : "wkkj41-JCdqQ;zmh4at-UKQow;ul6ag3-730UK;",
  "history_output" : "77tlxykyjvg;n0u1txcwpk0;i918k0t3u9j;",
  "history_begin_time" : 1739426197517,
  "history_end_time" : 1739426198262,
  "history_notes" : null,
  "history_process" : "s96wh3yf2f3ue7jyx1v9",
  "host_id" : "100001;",
  "indicator" : "Done"
},{
  "history_id" : "uR4m7ZD4JQdUtO8Xvz",
  "history_input" : "wkkj41-JCdqQ;zmh4at-UKQow;ul6ag3-730UK;",
  "history_output" : "uksdwjphz58;wuiz5rg1e8v;6rt44lkbv0z;",
  "history_begin_time" : 1739426132319,
  "history_end_time" : 1739426133796,
  "history_notes" : null,
  "history_process" : "s96wh3yf2f3ue7jyx1v9",
  "host_id" : "100001;",
  "indicator" : "Done"
},{
  "history_id" : "UUagsgAdQlvvlWA6k3",
  "history_input" : "wkkj41-JCdqQ;zmh4at-UKQow;ul6ag3-730UK;",
  "history_output" : "jgy1q6teerx;8v3qpnxlqbm;x2accjrgis4;",
  "history_begin_time" : 1739426111262,
  "history_end_time" : 1739426112106,
  "history_notes" : null,
  "history_process" : "s96wh3yf2f3ue7jyx1v9",
  "host_id" : "100001;",
  "indicator" : "Done"
}]