[{
  "history_id" : "jgy1q6teerx",
  "history_input" : "#!/bin/bash\n\n#install require libaries\nimport pandas as pd",
  "history_output" : "/Users/jyoshmithareddypaturi/gw-workspace/jgy1q6teerx/gw-YsOYtCkvBf6xo4h7GeSduOttSE-jgy1q6teerx.sh: line 4: import: command not found\n",
  "history_begin_time" : 1739426112106,
  "history_end_time" : 1739426114226,
  "history_notes" : null,
  "history_process" : "wkkj41",
  "host_id" : "100001",
  "indicator" : "Failed"
},{
  "history_id" : "8v3qpnxlqbm",
  "history_input" : null,
  "history_output" : null,
  "history_begin_time" : null,
  "history_end_time" : 1739426114224,
  "history_notes" : null,
  "history_process" : "zmh4at",
  "host_id" : "100001",
  "indicator" : "Stopped"
},{
  "history_id" : "x2accjrgis4",
  "history_input" : null,
  "history_output" : null,
  "history_begin_time" : null,
  "history_end_time" : 1739426114222,
  "history_notes" : null,
  "history_process" : "ul6ag3",
  "host_id" : "100001",
  "indicator" : "Stopped"
}]