[{
  "history_id" : "hmlsu5kb4m9",
  "history_input" : "#!/bin/bash\n\ninstall require libaries\npip install pandas\npip install xlrd\n\n#pip install selenium\n#pip install selenium webdriver-manager\n\n\n#wget https://dl.google.com/linux/direct/google-chrome-stable_current_amd64.deb -O ~/google-chrome-stable_current_amd64.deb\n\n#ls -lh ~/\n\n#mkdir -p ~/chrome_install\n#dpkg-deb -x ~/google-chrome-stable_current_amd64.deb ~/chrome_install\n\n#find ~/chrome_install -name \"google-chrome\"\n\n\n\n\n\n\n",
  "history_output" : "install: cannot stat 'require': No such file or directory\nRequirement already satisfied: pandas in /home/geo2021/anaconda3/lib/python3.12/site-packages (2.2.3)\nRequirement already satisfied: numpy>=1.26.0 in /home/geo2021/anaconda3/lib/python3.12/site-packages (from pandas) (1.26.4)\nRequirement already satisfied: python-dateutil>=2.8.2 in /home/geo2021/anaconda3/lib/python3.12/site-packages (from pandas) (2.9.0.post0)\nRequirement already satisfied: pytz>=2020.1 in /home/geo2021/anaconda3/lib/python3.12/site-packages (from pandas) (2024.1)\nRequirement already satisfied: tzdata>=2022.7 in /home/geo2021/anaconda3/lib/python3.12/site-packages (from pandas) (2023.3)\nRequirement already satisfied: six>=1.5 in /home/geo2021/anaconda3/lib/python3.12/site-packages (from python-dateutil>=2.8.2->pandas) (1.16.0)\nRequirement already satisfied: xlrd in /home/geo2021/anaconda3/lib/python3.12/site-packages (2.0.1)\n",
  "history_begin_time" : 1742429861851,
  "history_end_time" : 1742429874841,
  "history_notes" : null,
  "history_process" : "wkkj41",
  "host_id" : "100001",
  "indicator" : "Done"
},{
  "history_id" : "i29zh7jy2q2",
  "history_input" : null,
  "history_output" : null,
  "history_begin_time" : null,
  "history_end_time" : 1742429862380,
  "history_notes" : null,
  "history_process" : "ul6ag3",
  "host_id" : "100001",
  "indicator" : "Stopped"
},{
  "history_id" : "06rvz3bjv5a",
  "history_input" : null,
  "history_output" : null,
  "history_begin_time" : null,
  "history_end_time" : 1742429862382,
  "history_notes" : null,
  "history_process" : "zmh4at",
  "host_id" : "100001",
  "indicator" : "Stopped"
},{
  "history_id" : "ieyiih6relc",
  "history_input" : null,
  "history_output" : null,
  "history_begin_time" : null,
  "history_end_time" : 1742429862384,
  "history_notes" : null,
  "history_process" : "ug081o",
  "host_id" : "100001",
  "indicator" : "Stopped"
},{
  "history_id" : "atnsl9fddwc",
  "history_input" : null,
  "history_output" : null,
  "history_begin_time" : null,
  "history_end_time" : 1742429862385,
  "history_notes" : null,
  "history_process" : "f4pq53",
  "host_id" : "100001",
  "indicator" : "Stopped"
},{
  "history_id" : "z8gu5s2u4si",
  "history_input" : null,
  "history_output" : null,
  "history_begin_time" : null,
  "history_end_time" : 1742429862387,
  "history_notes" : null,
  "history_process" : "wtszw9",
  "host_id" : "100001",
  "indicator" : "Stopped"
},{
  "history_id" : "8wmdb0sw2f0",
  "history_input" : null,
  "history_output" : null,
  "history_begin_time" : null,
  "history_end_time" : 1742429862389,
  "history_notes" : null,
  "history_process" : "ddfkb3",
  "host_id" : "100001",
  "indicator" : "Stopped"
},{
  "history_id" : "7fb511pumnr",
  "history_input" : null,
  "history_output" : null,
  "history_begin_time" : null,
  "history_end_time" : 1742429862391,
  "history_notes" : null,
  "history_process" : "yfhedx",
  "host_id" : "100001",
  "indicator" : "Stopped"
},{
  "history_id" : "la5hfco0hnb",
  "history_input" : null,
  "history_output" : null,
  "history_begin_time" : null,
  "history_end_time" : 1742429862392,
  "history_notes" : null,
  "history_process" : "7my0ib",
  "host_id" : "100001",
  "indicator" : "Stopped"
},{
  "history_id" : "6dc0nycjm7i",
  "history_input" : "import pandas as pd\nimport os\n\n# Define the path to the Downloads folder (update if needed)\ndownloads_path = os.path.expanduser(\"~/Downloads\")\n\n# Define file paths\nfile_path = os.path.join(downloads_path, \"birds_merged_dataset.csv\")\ncleaned_file_path = os.path.join(downloads_path, \"birds_merged_dataset_cleaned.csv\")\n\n# Load the dataset\ndf = pd.read_csv(file_path)\n\n# Drop unnecessary columns\ndf = df.drop(columns=['State_y', 'State_x'], errors='ignore')\n\n# Rename 'State_x' to 'State'\n# df = df.rename(columns={'': 'State'})\n\n# Save the cleaned dataset\ndf.to_csv(cleaned_file_path, index=False)\n\nprint(f\"Dataset cleaned and saved successfully as '{cleaned_file_path}'.\")\n",
  "history_output" : "Running",
  "history_begin_time" : 1742429861986,
  "history_end_time" : 1742429862402,
  "history_notes" : null,
  "history_process" : "hkyofs",
  "host_id" : "100001",
  "indicator" : "Done"
},{
  "history_id" : "ow0qlvd2tyn",
  "history_input" : "import os\nimport urllib.request\nimport urllib.parse\n\ndef download_file(url, save_location, file_name=\"incd.csv\"):\n    \"\"\"\n    Downloads a file from a given URL and saves it to the specified location.\n    \n    Args:\n        url (str): The URL of the file to download.\n        save_location (str): The directory where the file should be saved.\n        file_name (str): The name to save the file as (default is 'incd.csv').\n    \n    Returns:\n        str: Full path of the saved file if successful, None if failed.\n    \"\"\"\n    try:\n        print(\"Starting file download...\")\n        \n        # Ensure the save directory exists\n        os.makedirs(save_location, exist_ok=True)\n\n        # Open the URL and read the content\n        with urllib.request.urlopen(url) as response:\n            if response.status != 200:\n                print(f\"Failed to download file. HTTP Status: {response.status}\")\n                return None\n            file_content = response.read()\n        \n        # Define the full save path\n        save_path = os.path.join(save_location, file_name)\n\n        # Write the file\n        with open(save_path, 'wb') as file:\n            file.write(file_content)\n\n        print(f\"File downloaded successfully and saved as: {save_path}\")\n        return save_path  # Return the saved file path\n\n    except Exception as e:\n        print(f\"An error occurred while downloading the file: {str(e)}\")\n        return None\n",
  "history_output" : "",
  "history_begin_time" : 1742429861825,
  "history_end_time" : 1742429863397,
  "history_notes" : null,
  "history_process" : "dv6ldm",
  "host_id" : "100001",
  "indicator" : "Stopped"
},{
  "history_id" : "tkvlfziw39g",
  "history_input" : null,
  "history_output" : null,
  "history_begin_time" : null,
  "history_end_time" : 1742429863398,
  "history_notes" : null,
  "history_process" : "pbr25n",
  "host_id" : "100001",
  "indicator" : "Stopped"
},{
  "history_id" : "lerut9hui2o",
  "history_input" : null,
  "history_output" : null,
  "history_begin_time" : null,
  "history_end_time" : 1742429863400,
  "history_notes" : null,
  "history_process" : "7eqm4n",
  "host_id" : "100001",
  "indicator" : "Stopped"
},{
  "history_id" : "qz1tu7z0e0p",
  "history_input" : null,
  "history_output" : null,
  "history_begin_time" : null,
  "history_end_time" : 1742429863402,
  "history_notes" : null,
  "history_process" : "kth1gk",
  "host_id" : "100001",
  "indicator" : "Stopped"
}]