{
  "id" : "s96wh3yf2f3ue7jyx1v9",
  "name" : "one_health",
  "description" : "",
  "owner" : "111111",
  "confidential" : "FALSE",
  "edges" : "[{\"source\":{\"title\":\"install_modules\",\"id\":\"wkkj41-JCdqQ\",\"x\":1301.5475463867188,\"y\":-79.5950993001461,\"color\":\"white\",\"status\":\"none\"},\"target\":{\"title\":\"raw_cancer_data\",\"id\":\"ul6ag3-VaNH5\",\"x\":1163.7785034179688,\"y\":217.48681640625,\"color\":\"white\",\"status\":\"none\"}},{\"source\":{\"title\":\"raw_cancer_data\",\"id\":\"ul6ag3-VaNH5\",\"x\":1163.7785034179688,\"y\":217.48681640625,\"color\":\"white\",\"status\":\"none\"},\"target\":{\"title\":\"cancer_data_cleaning\",\"id\":\"zmh4at-J9SxW\",\"x\":1162.3341674804688,\"y\":475.37261962890625,\"color\":\"white\",\"status\":\"none\"}},{\"source\":{\"title\":\"install_modules\",\"id\":\"wkkj41-JCdqQ\",\"x\":1301.5475463867188,\"y\":-79.5950993001461,\"color\":\"white\",\"status\":\"none\"},\"target\":{\"title\":\"raw_radon_data\",\"id\":\"f4pq53-39izg\",\"x\":889.654052734375,\"y\":213.45425415039062,\"color\":\"white\",\"status\":\"none\"}},{\"source\":{\"title\":\"raw_radon_data\",\"id\":\"f4pq53-39izg\",\"x\":889.654052734375,\"y\":213.45425415039062,\"color\":\"white\",\"status\":\"none\"},\"target\":{\"title\":\"radon_data_cleaning\",\"id\":\"ug081o-WwCef\",\"x\":877.221435546875,\"y\":475.39471435546875,\"color\":\"white\",\"status\":\"none\"}},{\"source\":{\"title\":\"install_modules\",\"id\":\"wkkj41-JCdqQ\",\"x\":1301.5475463867188,\"y\":-79.5950993001461,\"color\":\"white\",\"status\":\"none\"},\"target\":{\"title\":\"raw_birds_data\",\"id\":\"ddfkb3-Av4bD\",\"x\":1719.3347778320312,\"y\":204.54017639160156,\"color\":\"white\",\"status\":\"none\"}},{\"source\":{\"title\":\"merged_aqi\",\"id\":\"wtszw9-xhNbS\",\"x\":1450.3748168945312,\"y\":468.09613037109375,\"color\":\"white\",\"status\":\"none\"},\"target\":{\"title\":\"merged_aqi_cancer\",\"id\":\"yfhedx-5Zau2\",\"x\":1312.0276489257812,\"y\":787.3632202148438,\"color\":\"white\",\"status\":\"none\"}},{\"source\":{\"title\":\"radon_data_cleaning\",\"id\":\"ug081o-WwCef\",\"x\":877.221435546875,\"y\":475.39471435546875,\"color\":\"white\",\"status\":\"none\"},\"target\":{\"title\":\"merged_radon_aqi_cancer\",\"id\":\"7my0ib-w5o3a\",\"x\":878.2418823242188,\"y\":922.8365478515625,\"color\":\"white\",\"status\":\"none\"}},{\"source\":{\"title\":\"merged_aqi_cancer\",\"id\":\"yfhedx-5Zau2\",\"x\":1312.0276489257812,\"y\":787.3632202148438,\"color\":\"white\",\"status\":\"none\"},\"target\":{\"title\":\"merged_radon_aqi_cancer\",\"id\":\"7my0ib-w5o3a\",\"x\":878.2418823242188,\"y\":922.8365478515625,\"color\":\"white\",\"status\":\"none\"}},{\"source\":{\"title\":\"install_modules\",\"id\":\"wkkj41-JCdqQ\",\"x\":1301.5475463867188,\"y\":-79.5950993001461,\"color\":\"white\",\"status\":\"none\"},\"target\":{\"title\":\"raw_aqi_data\",\"id\":\"pbr25n-iYDQc\",\"x\":1435.7403564453125,\"y\":206.865478515625,\"color\":\"white\",\"status\":\"none\"}},{\"source\":{\"title\":\"raw_aqi_data\",\"id\":\"pbr25n-iYDQc\",\"x\":1435.7403564453125,\"y\":206.865478515625,\"color\":\"white\",\"status\":\"none\"},\"target\":{\"title\":\"merged_aqi\",\"id\":\"wtszw9-xhNbS\",\"x\":1450.3748168945312,\"y\":468.09613037109375,\"color\":\"white\",\"status\":\"none\"}},{\"source\":{\"title\":\"cancer_data_cleaning\",\"id\":\"zmh4at-J9SxW\",\"x\":1162.3341674804688,\"y\":475.37261962890625,\"color\":\"white\",\"status\":\"none\"},\"target\":{\"title\":\"merged_aqi_cancer\",\"id\":\"yfhedx-5Zau2\",\"x\":1312.0276489257812,\"y\":787.3632202148438,\"color\":\"white\",\"status\":\"none\"}},{\"source\":{\"title\":\"merged_radon_aqi_cancer\",\"id\":\"7my0ib-w5o3a\",\"x\":878.2418823242188,\"y\":922.8365478515625,\"color\":\"white\",\"status\":\"none\"},\"target\":{\"title\":\"merged_data_cleaning\",\"id\":\"7eqm4n-QIvFs\",\"x\":880.4819946289062,\"y\":1113.04833984375,\"color\":\"white\",\"status\":\"none\"}},{\"source\":{\"title\":\"raw_birds_data\",\"id\":\"ddfkb3-Av4bD\",\"x\":1719.3347778320312,\"y\":204.54017639160156,\"color\":\"white\",\"status\":\"none\"},\"target\":{\"title\":\"birds_cleaned_data\",\"id\":\"kth1gk-FqPnC\",\"x\":1719.292724609375,\"y\":1121.1295776367188,\"color\":\"white\",\"status\":\"none\"}},{\"source\":{\"title\":\"merged_data_cleaning\",\"id\":\"7eqm4n-QIvFs\",\"x\":880.4819946289062,\"y\":1113.04833984375,\"color\":\"white\",\"status\":\"none\"},\"target\":{\"title\":\"final_merged_data\",\"id\":\"4h36mr-lqYM5\",\"x\":1303.0103759765625,\"y\":1121.0911560058594}},{\"source\":{\"title\":\"birds_cleaned_data\",\"id\":\"kth1gk-FqPnC\",\"x\":1719.292724609375,\"y\":1121.1295776367188,\"color\":\"white\",\"status\":\"none\"},\"target\":{\"title\":\"final_merged_data\",\"id\":\"4h36mr-lqYM5\",\"x\":1303.0103759765625,\"y\":1121.0911560058594}}]",
  "nodes" : "[{\"title\":\"install_modules\",\"id\":\"wkkj41-JCdqQ\",\"x\":1301.5475463867188,\"y\":-79.5950993001461,\"color\":\"white\",\"status\":\"none\"},{\"title\":\"raw_cancer_data\",\"id\":\"ul6ag3-VaNH5\",\"x\":1163.7785034179688,\"y\":217.48681640625,\"color\":\"white\",\"status\":\"none\"},{\"title\":\"cancer_data_cleaning\",\"id\":\"zmh4at-J9SxW\",\"x\":1162.3341674804688,\"y\":475.37261962890625,\"color\":\"white\",\"status\":\"none\"},{\"title\":\"radon_data_cleaning\",\"id\":\"ug081o-WwCef\",\"x\":877.221435546875,\"y\":475.39471435546875,\"color\":\"white\",\"status\":\"none\"},{\"title\":\"raw_radon_data\",\"id\":\"f4pq53-39izg\",\"x\":889.654052734375,\"y\":213.45425415039062,\"color\":\"white\",\"status\":\"none\"},{\"title\":\"merged_aqi\",\"id\":\"wtszw9-xhNbS\",\"x\":1450.3748168945312,\"y\":468.09613037109375,\"color\":\"white\",\"status\":\"none\"},{\"title\":\"raw_birds_data\",\"id\":\"ddfkb3-Av4bD\",\"x\":1719.3347778320312,\"y\":204.54017639160156,\"color\":\"white\",\"status\":\"none\"},{\"title\":\"merged_aqi_cancer\",\"id\":\"yfhedx-5Zau2\",\"x\":1312.0276489257812,\"y\":787.3632202148438,\"color\":\"white\",\"status\":\"none\"},{\"title\":\"merged_radon_aqi_cancer\",\"id\":\"7my0ib-w5o3a\",\"x\":878.2418823242188,\"y\":922.8365478515625,\"color\":\"white\",\"status\":\"none\"},{\"title\":\"download_data_utils\",\"id\":\"dv6ldm-UfrKU\",\"x\":1720.3723754882812,\"y\":3.413938522338867,\"color\":\"white\",\"status\":\"none\"},{\"title\":\"raw_aqi_data\",\"id\":\"pbr25n-iYDQc\",\"x\":1435.7403564453125,\"y\":206.865478515625,\"color\":\"white\",\"status\":\"none\"},{\"title\":\"merged_data_cleaning\",\"id\":\"7eqm4n-QIvFs\",\"x\":880.4819946289062,\"y\":1113.04833984375,\"color\":\"white\",\"status\":\"none\"},{\"title\":\"birds_cleaned_data\",\"id\":\"kth1gk-FqPnC\",\"x\":1719.292724609375,\"y\":1121.1295776367188,\"color\":\"white\",\"status\":\"none\"},{\"title\":\"final_merged_data\",\"id\":\"4h36mr-lqYM5\",\"x\":1303.0103759765625,\"y\":1121.0911560058594}]"
}